idx,disyllable,vowels,V1,V2,prefix,infix,suffix,postV1
1,aa, a   a  ,a,a,,,,a
2,aba, a   a  ,a,a,,b,,ba
8,ada, a   a  ,a,a,,d,,da
9,adas, a   a  ,a,a,,d,s,das
13,aga, a   a  ,a,a,,g,,ga
14,agak, a   a  ,a,a,,g,k,gak
15,agar, a   a  ,a,a,,g,r,gar
22,aka, a   a  ,a,a,,k,,ka
23,aka, a   a  ,a,a,,k,,ka
24,akap, a   a  ,a,a,,k,p,kap
25,akar, a   a  ,a,a,,k,r,kar
26,akas, a   a  ,a,a,,k,s,kas
27,akat, a   a  ,a,a,,k,t,kat
39,ama, a   a  ,a,a,,m,,ma
40,ama, a   a  ,a,a,,m,,ma
41,amar, a   a  ,a,a,,m,r,mar
42,amas, a   a  ,a,a,,m,s,mas
48,ana, a   a  ,a,a,,n,,na
49,ana, a   a  ,a,a,,n,,na
52,apa, a   a  ,a,a,,p,,pa
53,apa, a   a  ,a,a,,p,,pa
61,ara, a   a  ,a,a,,r,,ra
62,arap, a   a  ,a,a,,r,p,rap
63,aras, a   a  ,a,a,,r,s,ras
64,arat, a   a  ,a,a,,r,t,rat
73,asa, a   a  ,a,a,,s,,sa
74,asa, a   a  ,a,a,,s,,sa
75,asa, a   a  ,a,a,,s,,sa
76,asan, a   a  ,a,a,,s,n,san
77,asar, a   a  ,a,a,,s,r,sar
89,ata, a   a  ,a,a,,t,,ta
90,ata, a   a  ,a,a,,t,,ta
91,atap, a   a  ,a,a,,t,p,tap
99,awa, a   a  ,a,a,,w,,wa
103,aya, a   a  ,a,a,,y,,ya
110,aza, a   a  ,a,a,,z,,za
111,azar, a   a  ,a,a,,z,r,zar
211,kada, a   a  ,a,a,k,d,,da
219,kagap, a   a  ,a,a,k,g,p,gap
220,kagar, a   a  ,a,a,k,g,r,gar
231,kaka, a   a  ,a,a,k,k,,ka
232,kakar, a   a  ,a,a,k,k,r,kar
233,kakar, a   a  ,a,a,k,k,r,kar
234,kakar, a   a  ,a,a,k,k,r,kar
254,kama, a   a  ,a,a,k,m,,ma
255,kama, a   a  ,a,a,k,m,,ma
267,kana, a   a  ,a,a,k,n,,na
268,kanap, a   a  ,a,a,k,n,p,nap
275,kapa, a   a  ,a,a,k,p,,pa
276,kapa, a   a  ,a,a,k,p,,pa
277,kapa, a   a  ,a,a,k,p,,pa
278,kapar, a   a  ,a,a,k,p,r,par
279,kapas, a   a  ,a,a,k,p,s,pas
294,kara, a   a  ,a,a,k,r,,ra
295,kara, a   a  ,a,a,k,r,,ra
296,kara, a   a  ,a,a,k,r,,ra
297,kara, a   a  ,a,a,k,r,,ra
298,kara, a   a  ,a,a,k,r,,ra
299,kara, a   a  ,a,a,k,r,,ra
300,karas, a   a  ,a,a,k,r,s,ras
310,kasa, a   a  ,a,a,k,s,,sa
311,kasa, a   a  ,a,a,k,s,,sa
312,kasa, a   a  ,a,a,k,s,,sa
321,kata, a   a  ,a,a,k,t,,ta
322,kata, a   a  ,a,a,k,t,,ta
323,kata, a   a  ,a,a,k,t,,ta
324,kata, a   a  ,a,a,k,t,,ta
325,kata, a   a  ,a,a,k,t,,ta
326,kata, a   a  ,a,a,k,t,,ta
327,kata, a   a  ,a,a,k,t,,ta
328,kata, a   a  ,a,a,k,t,,ta
329,kata, a   a  ,a,a,k,t,,ta
330,katap, a   a  ,a,a,k,t,p,tap
331,katar, a   a  ,a,a,k,t,r,tar
336,kawak, a   a  ,a,a,k,w,k,wak
338,kaya, a   a  ,a,a,k,y,,ya
339,kaya, a   a  ,a,a,k,y,,ya
345,kaza, a   a  ,a,a,k,z,,za
346,kazar, a   a  ,a,a,k,z,r,zar
347,kazas, a   a  ,a,a,k,z,s,zas
537,mabar, a   a  ,a,a,m,b,r,bar
541,maga, a   a  ,a,a,m,g,,ga
542,magap, a   a  ,a,a,m,g,p,gap
543,magar, a   a  ,a,a,m,g,r,gar
545,makar, a   a  ,a,a,m,k,r,kar
553,mama, a   a  ,a,a,m,m,,ma
558,mana, a   a  ,a,a,m,n,,na
559,mana, a   a  ,a,a,m,n,,na
560,mana, a   a  ,a,a,m,n,,na
565,mapar, a   a  ,a,a,m,p,r,par
569,mara, a   a  ,a,a,m,r,,ra
577,masar, a   a  ,a,a,m,s,r,sar
584,mata, a   a  ,a,a,m,t,,ta
585,mata, a   a  ,a,a,m,t,,ta
586,mata, a   a  ,a,a,m,t,,ta
596,maya, a   a  ,a,a,m,y,,ya
706,nabar, a   a  ,a,a,n,b,r,bar
712,nada, a   a  ,a,a,n,d,,da
713,nadas, a   a  ,a,a,n,d,s,das
718,naga, a   a  ,a,a,n,g,,ga
719,nagas, a   a  ,a,a,n,g,s,gas
727,naka, a   a  ,a,a,n,k,,ka
733,namar, a   a  ,a,a,n,m,r,mar
742,-nana, a   a  ,a,a,-n,n,,na
743,nana, a   a  ,a,a,n,n,,na
749,napa, a   a  ,a,a,n,p,,pa
750,napa, a   a  ,a,a,n,p,,pa
751,napa, a   a  ,a,a,n,p,,pa
758,nara, a   a  ,a,a,n,r,,ra
759,nara, a   a  ,a,a,n,r,,ra
760,narab, a   a  ,a,a,n,r,b,rab
761,naras, a   a  ,a,a,n,r,s,ras
762,naras, a   a  ,a,a,n,r,s,ras
771,nayam, a   a  ,a,a,n,y,m,yam
879,pada, a   a  ,a,a,p,d,,da
880,pada, a   a  ,a,a,p,d,,da
881,pagas, a   a  ,a,a,p,g,s,gas
883,paka, a   a  ,a,a,p,k,,ka
884,paka, a   a  ,a,a,p,k,,ka
885,pakar, a   a  ,a,a,p,k,r,kar
888,pama, a   a  ,a,a,p,m,,ma
890,pana, a   a  ,a,a,p,n,,na
891,pana, a   a  ,a,a,p,n,,na
892,panar, a   a  ,a,a,p,n,r,nar
893,panat, a   a  ,a,a,p,n,t,nat
897,papa, a   a  ,a,a,p,p,,pa
903,para, a   a  ,a,a,p,r,,ra
904,para, a   a  ,a,a,p,r,,ra
905,parap, a   a  ,a,a,p,r,p,rap
910,pasa, a   a  ,a,a,p,s,,sa
911,pasam, a   a  ,a,a,p,s,m,sam
918,pata, a   a  ,a,a,p,t,,ta
919,pata, a   a  ,a,a,p,t,,ta
920,pata, a   a  ,a,a,p,t,,ta
921,pata, a   a  ,a,a,p,t,,ta
922,pata, a   a  ,a,a,p,t,,ta
923,pata, a   a  ,a,a,p,t,,ta
924,patar, a   a  ,a,a,p,t,r,tar
925,patas, a   a  ,a,a,p,t,s,tas
930,paya, a   a  ,a,a,p,y,,ya
931,paya, a   a  ,a,a,p,y,,ya
932,payas, a   a  ,a,a,p,y,s,yas
1034,sada, a   a  ,a,a,s,d,,da
1035,sada, a   a  ,a,a,s,d,,da
1036,sada, a   a  ,a,a,s,d,,da
1037,sadam, a   a  ,a,a,s,d,m,dam
1041,sagar, a   a  ,a,a,s,g,r,gar
1044,saka, a   a  ,a,a,s,k,,ka
1045,saka, a   a  ,a,a,s,k,,ka
1046,saka, a   a  ,a,a,s,k,,ka
1047,saka, a   a  ,a,a,s,k,,ka
1048,saka, a   a  ,a,a,s,k,,ka
1049,saka, a   a  ,a,a,s,k,,ka
1050,saka, a   a  ,a,a,s,k,,ka
1051,sakap, a   a  ,a,a,s,k,p,kap
1052,sakar, a   a  ,a,a,s,k,r,kar
1053,sakar, a   a  ,a,a,s,k,r,kar
1070,sama, a   a  ,a,a,s,m,,ma
1071,samas, a   a  ,a,a,s,m,s,mas
1077,sana, a   a  ,a,a,s,n,,na
1084,sapa, a   a  ,a,a,s,p,,pa
1085,sapa, a   a  ,a,a,s,p,,pa
1086,sapa, a   a  ,a,a,s,p,,pa
1087,sapar, a   a  ,a,a,s,p,r,par
1093,sara, a   a  ,a,a,s,r,,ra
1094,sarap, a   a  ,a,a,s,r,p,rap
1095,saras, a   a  ,a,a,s,r,s,ras
1097,sasa, a   a  ,a,a,s,s,,sa
1098,sasa, a   a  ,a,a,s,s,,sa
1099,sasa, a   a  ,a,a,s,s,,sa
1100,sasak, a   a  ,a,a,s,s,k,sak
1101,sasap, a   a  ,a,a,s,s,p,sap
1110,sawag, a   a  ,a,a,s,w,g,wag
1111,sawak, a   a  ,a,a,s,w,k,wak
1114,saya, a   a  ,a,a,s,y,,ya
1115,saya, a   a  ,a,a,s,y,,ya
1116,saya, a   a  ,a,a,s,y,,ya
1117,saya, a   a  ,a,a,s,y,,ya
1118,sayag, a   a  ,a,a,s,y,g,yag
1119,sayak, a   a  ,a,a,s,y,k,yak
1120,sayar, a   a  ,a,a,s,y,r,yar
1124,sazak, a   a  ,a,a,s,z,k,zak
1280,tabar, a   a  ,a,a,t,b,r,bar
1285,tada, a   a  ,a,a,t,d,,da
1286,tada, a   a  ,a,a,t,d,,da
1287,tadak, a   a  ,a,a,t,d,k,dak
1293,tagap, a   a  ,a,a,t,g,p,gap
1300,taka, a   a  ,a,a,t,k,,ka
1301,taka, a   a  ,a,a,t,k,,ka
1302,taka, a   a  ,a,a,t,k,,ka
1303,taka, a   a  ,a,a,t,k,,ka
1304,takar, a   a  ,a,a,t,k,r,kar
1313,tama, a   a  ,a,a,t,m,,ma
1314,tama, a   a  ,a,a,t,m,,ma
1315,tama, a   a  ,a,a,t,m,,ma
1316,tamap, a   a  ,a,a,t,m,p,map
1317,tamar, a   a  ,a,a,t,m,r,mar
1323,tana, a   a  ,a,a,t,n,,na
1324,tana, a   a  ,a,a,t,n,,na
1328,tapa, a   a  ,a,a,t,p,,pa
1334,tarap, a   a  ,a,a,t,r,p,rap
1340,tata, a   a  ,a,a,t,t,,ta
1341,tata, a   a  ,a,a,t,t,,ta
1342,tatak, a   a  ,a,a,t,t,k,tak
1351,tawa, a   a  ,a,a,t,w,,wa
1352,tawam, a   a  ,a,a,t,w,m,wam
1566,wada, a   a  ,a,a,w,d,,da
1567,waka, a   a  ,a,a,w,k,,ka
1568,waka, a   a  ,a,a,w,k,,ka
1569,wakas, a   a  ,a,a,w,k,s,kas
1574,wana, a   a  ,a,a,w,n,,na
1577,wara, a   a  ,a,a,w,r,,ra
1581,wasa, a   a  ,a,a,w,s,,sa
1587,wata, a   a  ,a,a,w,t,,ta
1588,wata, a   a  ,a,a,w,t,,ta
1589,wata, a   a  ,a,a,w,t,,ta
1590,watar, a   a  ,a,a,w,t,r,tar
1591,watas, a   a  ,a,a,w,t,s,tas
1592,waya, a   a  ,a,a,w,y,,ya
1593,waza, a   a  ,a,a,w,z,,za
1640,yama, a   a  ,a,a,y,m,,ma
1643,yana, a   a  ,a,a,y,n,,na
1646,yapas, a   a  ,a,a,y,p,s,pas
1649,yara, a   a  ,a,a,y,r,,ra
1650,yara, a   a  ,a,a,y,r,,ra
1656,yata, a   a  ,a,a,y,t,,ta
1658,yaya, a   a  ,a,a,y,y,,ya
3,abe, a   e  ,a,e,,b,,be
4,abe, a   e  ,a,e,,b,,be
16,age, a   e  ,a,e,,g,,ge
17,age, a   e  ,a,e,,g,,ge
28,ake, a   e  ,a,e,,k,,ke
29,ake, a   e  ,a,e,,k,,ke
30,ake, a   e  ,a,e,,k,,ke
31,ake, a   e  ,a,e,,k,,ke
43,ame, a   e  ,a,e,,m,,me
54,ape, a   e  ,a,e,,p,,pe
55,ape, a   e  ,a,e,,p,,pe
56,apek, a   e  ,a,e,,p,k,pek
65,are, a   e  ,a,e,,r,,re
66,are, a   e  ,a,e,,r,,re
67,are, a   e  ,a,e,,r,,re
68,are, a   e  ,a,e,,r,,re
78,ase, a   e  ,a,e,,s,,se
79,ase, a   e  ,a,e,,s,,se
80,ase, a   e  ,a,e,,s,,se
92,ate, a   e  ,a,e,,t,,te
93,ate, a   e  ,a,e,,t,,te
104,aye, a   e  ,a,e,,y,,ye
112,aze, a   e  ,a,e,,z,,ze
113,aze, a   e  ,a,e,,z,,ze
115,bane, a   e  ,a,e,b,n,,ne
126,gane, a   e  ,a,e,g,n,,ne
128,gape, a   e  ,a,e,g,p,,pe
208,kabe, a   e  ,a,e,k,b,,be
221,kage, a   e  ,a,e,k,g,,ge
222,kage, a   e  ,a,e,k,g,,ge
235,kake, a   e  ,a,e,k,k,,ke
236,kake, a   e  ,a,e,k,k,,ke
237,kake, a   e  ,a,e,k,k,,ke
238,kaker, a   e  ,a,e,k,k,r,ker
256,kame, a   e  ,a,e,k,m,,me
257,kame, a   e  ,a,e,k,m,,me
269,kane, a   e  ,a,e,k,n,,ne
270,kane, a   e  ,a,e,k,n,,ne
271,kane, a   e  ,a,e,k,n,,ne
272,kane, a   e  ,a,e,k,n,,ne
273,kane, a   e  ,a,e,k,n,,ne
280,kape, a   e  ,a,e,k,p,,pe
281,kape, a   e  ,a,e,k,p,,pe
282,kape, a   e  ,a,e,k,p,,pe
283,kaper, a   e  ,a,e,k,p,r,per
301,kare, a   e  ,a,e,k,r,,re
302,kare, a   e  ,a,e,k,r,,re
303,kare, a   e  ,a,e,k,r,,re
304,kare, a   e  ,a,e,k,r,,re
313,kase, a   e  ,a,e,k,s,,se
332,kate, a   e  ,a,e,k,t,,te
333,kate, a   e  ,a,e,k,t,,te
340,kaye, a   e  ,a,e,k,y,,ye
348,kaze, a   e  ,a,e,k,z,,ze
538,made, a   e  ,a,e,m,d,,de
544,mage, a   e  ,a,e,m,g,,ge
546,make, a   e  ,a,e,m,k,,ke
547,make, a   e  ,a,e,m,k,,ke
548,make, a   e  ,a,e,m,k,,ke
549,make, a   e  ,a,e,m,k,,ke
554,mame, a   e  ,a,e,m,m,,me
561,mane, a   e  ,a,e,m,n,,ne
562,mane, a   e  ,a,e,m,n,,ne
563,manek, a   e  ,a,e,m,n,k,nek
570,mare, a   e  ,a,e,m,r,,re
578,mase, a   e  ,a,e,m,s,,se
707,nabe, a   e  ,a,e,n,b,,be
708,nabe, a   e  ,a,e,n,b,,be
709,nabe, a   e  ,a,e,n,b,,be
714,nade, a   e  ,a,e,n,d,,de
720,nage, a   e  ,a,e,n,g,,ge
721,nagek, a   e  ,a,e,n,g,k,gek
728,nake, a   e  ,a,e,n,k,,ke
734,name, a   e  ,a,e,n,m,,me
735,name, a   e  ,a,e,n,m,,me
744,nane, a   e  ,a,e,n,n,,ne
752,nape, a   e  ,a,e,n,p,,pe
753,nape, a   e  ,a,e,n,p,,pe
754,nape, a   e  ,a,e,n,p,,pe
755,nape, a   e  ,a,e,n,p,,pe
763,nare, a   e  ,a,e,n,r,,re
764,nare, a   e  ,a,e,n,r,,re
766,nase, a   e  ,a,e,n,s,,se
886,pake, a   e  ,a,e,p,k,,ke
889,pame, a   e  ,a,e,p,m,,me
894,pane, a   e  ,a,e,p,n,,ne
895,pane, a   e  ,a,e,p,n,,ne
898,pape, a   e  ,a,e,p,p,,pe
899,pape, a   e  ,a,e,p,p,,pe
906,pare, a   e  ,a,e,p,r,,re
907,pare, a   e  ,a,e,p,r,,re
912,pase, a   e  ,a,e,p,s,,se
926,pate, a   e  ,a,e,p,t,,te
933,paye, a   e  ,a,e,p,y,,ye
1038,sade, a   e  ,a,e,s,d,,de
1039,sade, a   e  ,a,e,s,d,,de
1054,sake, a   e  ,a,e,s,k,,ke
1055,sake, a   e  ,a,e,s,k,,ke
1056,sake, a   e  ,a,e,s,k,,ke
1057,sake, a   e  ,a,e,s,k,,ke
1058,sake, a   e  ,a,e,s,k,,ke
1072,same, a   e  ,a,e,s,m,,me
1073,same, a   e  ,a,e,s,m,,me
1074,same, a   e  ,a,e,s,m,,me
1078,sane, a   e  ,a,e,s,n,,ne
1079,sane, a   e  ,a,e,s,n,,ne
1080,sane, a   e  ,a,e,s,n,,ne
1088,sape, a   e  ,a,e,s,p,,pe
1089,sape, a   e  ,a,e,s,p,,pe
1105,sate, a   e  ,a,e,s,t,,te
1106,sate, a   e  ,a,e,s,t,,te
1121,saye, a   e  ,a,e,s,y,,ye
1122,saye, a   e  ,a,e,s,y,,ye
1288,tade, a   e  ,a,e,t,d,,de
1294,tage, a   e  ,a,e,t,g,,ge
1305,take, a   e  ,a,e,t,k,,ke
1306,take, a   e  ,a,e,t,k,,ke
1318,tame, a   e  ,a,e,t,m,,me
1319,tame, a   e  ,a,e,t,m,,me
1325,tane, a   e  ,a,e,t,n,,ne
1329,tape, a   e  ,a,e,t,p,,pe
1330,tape, a   e  ,a,e,t,p,,pe
1331,tape, a   e  ,a,e,t,p,,pe
1335,tare, a   e  ,a,e,t,r,,re
1336,tare, a   e  ,a,e,t,r,,re
1343,tate, a   e  ,a,e,t,t,,te
1344,tate, a   e  ,a,e,t,t,,te
1345,tate, a   e  ,a,e,t,t,,te
1355,taye, a   e  ,a,e,t,y,,ye
1570,wake, a   e  ,a,e,w,k,,ke
1571,wake, a   e  ,a,e,w,k,,ke
1578,ware, a   e  ,a,e,w,r,,re
1579,ware, a   e  ,a,e,w,r,,re
1582,wase, a   e  ,a,e,w,s,,se
1634,yade, a   e  ,a,e,y,d,,de
1639,yake, a   e  ,a,e,y,k,,ke
1641,yame, a   e  ,a,e,y,m,,me
1644,yane, a   e  ,a,e,y,n,,ne
1651,yare, a   e  ,a,e,y,r,,re
1652,yase, a   e  ,a,e,y,s,,se
5,abik, a   i  ,a,i,,b,k,bik
10,adi, a   i  ,a,i,,d,,di
18,agi, a   i  ,a,i,,g,,gi
32,aki, a   i  ,a,i,,k,,ki
33,aki, a   i  ,a,i,,k,,ki
34,aki, a   i  ,a,i,,k,,ki
35,aki, a   i  ,a,i,,k,,ki
44,ami, a   i  ,a,i,,m,,mi
50,ani, a   i  ,a,i,,n,,ni
57,api, a   i  ,a,i,,p,,pi
58,api, a   i  ,a,i,,p,,pi
69,ari, a   i  ,a,i,,r,,ri
70,ari, a   i  ,a,i,,r,,ri
71,ari, a   i  ,a,i,,r,,ri
81,asi, a   i  ,a,i,,s,,si
82,asi, a   i  ,a,i,,s,,si
83,asi, a   i  ,a,i,,s,,si
100,awi, a   i  ,a,i,,w,,wi
117,dani, a   i  ,a,i,d,n,,ni
118,dati, a   i  ,a,i,d,t,,ti
127,gani, a   i  ,a,i,g,n,,ni
130,gari, a   i  ,a,i,g,r,,ri
212,kadi, a   i  ,a,i,k,d,,di
223,kagi, a   i  ,a,i,k,g,,gi
224,kagir, a   i  ,a,i,k,g,r,gir
225,kagir, a   i  ,a,i,k,g,r,gir
230,kai, a   i  ,a,i,k,,,i
239,kaki, a   i  ,a,i,k,k,,ki
240,kaki, a   i  ,a,i,k,k,,ki
241,kaki, a   i  ,a,i,k,k,,ki
242,kaki, a   i  ,a,i,k,k,,ki
258,kami, a   i  ,a,i,k,m,,mi
259,kami, a   i  ,a,i,k,m,,mi
260,kami, a   i  ,a,i,k,m,,mi
261,kami, a   i  ,a,i,k,m,,mi
274,kani, a   i  ,a,i,k,n,,ni
284,kapi, a   i  ,a,i,k,p,,pi
285,kapi, a   i  ,a,i,k,p,,pi
286,kapi, a   i  ,a,i,k,p,,pi
287,kapi, a   i  ,a,i,k,p,,pi
288,kapir, a   i  ,a,i,k,p,r,pir
305,kari, a   i  ,a,i,k,r,,ri
306,kari, a   i  ,a,i,k,r,,ri
307,kari, a   i  ,a,i,k,r,,ri
308,kari, a   i  ,a,i,k,r,,ri
314,kasi, a   i  ,a,i,k,s,,si
315,kasi, a   i  ,a,i,k,s,,si
316,kasi, a   i  ,a,i,k,s,,si
317,kasi, a   i  ,a,i,k,s,,si
318,kasik, a   i  ,a,i,k,s,k,sik
334,kati, a   i  ,a,i,k,t,,ti
555,mami, a   i  ,a,i,m,m,,mi
566,mapi, a   i  ,a,i,m,p,,pi
571,mari, a   i  ,a,i,m,r,,ri
579,-masi-, a   i  ,a,i,-m,s,-,si-
580,masi, a   i  ,a,i,m,s,,si
593,mawi, a   i  ,a,i,m,w,,wi
594,mawir, a   i  ,a,i,m,w,r,wir
601,mazir, a   i  ,a,i,m,z,r,zir
710,nabik, a   i  ,a,i,n,b,k,bik
722,nagi, a   i  ,a,i,n,g,,gi
729,naki, a   i  ,a,i,n,k,,ki
736,nami, a   i  ,a,i,n,m,,mi
737,nami, a   i  ,a,i,n,m,,mi
745,-nani, a   i  ,a,i,-n,n,,ni
746,nani, a   i  ,a,i,n,n,,ni
765,nari, a   i  ,a,i,n,r,,ri
767,nasi, a   i  ,a,i,n,s,,si
770,nawi, a   i  ,a,i,n,w,,wi
896,pani, a   i  ,a,i,p,n,,ni
908,pari, a   i  ,a,i,p,r,,ri
913,pasi, a   i  ,a,i,p,s,,si
914,pasi, a   i  ,a,i,p,s,,si
915,pasi, a   i  ,a,i,p,s,,si
916,pasi, a   i  ,a,i,p,s,,si
917,pasir, a   i  ,a,i,p,s,r,sir
934,pazi, a   i  ,a,i,p,z,,zi
935,pazik, a   i  ,a,i,p,z,k,zik
1031,rasi, a   i  ,a,i,r,s,,si
1042,sagi, a   i  ,a,i,s,g,,gi
1059,saki, a   i  ,a,i,s,k,,ki
1060,saki, a   i  ,a,i,s,k,,ki
1061,saki, a   i  ,a,i,s,k,,ki
1062,saki, a   i  ,a,i,s,k,,ki
1063,saki, a   i  ,a,i,s,k,,ki
1075,sami, a   i  ,a,i,s,m,,mi
1090,sapi, a   i  ,a,i,s,p,,pi
1102,sasi, a   i  ,a,i,s,s,,si
1103,sasi, a   i  ,a,i,s,s,,si
1112,sawi, a   i  ,a,i,s,w,,wi
1281,tabi, a   i  ,a,i,t,b,,bi
1282,tabi, a   i  ,a,i,t,b,,bi
1295,tagi, a   i  ,a,i,t,g,,gi
1296,tagi, a   i  ,a,i,t,g,,gi
1297,tagit, a   i  ,a,i,t,g,t,git
1307,taki, a   i  ,a,i,t,k,,ki
1308,taki, a   i  ,a,i,t,k,,ki
1320,tami, a   i  ,a,i,t,m,,mi
1326,tani, a   i  ,a,i,t,n,,ni
1332,tapi, a   i  ,a,i,t,p,,pi
1338,tasi, a   i  ,a,i,t,s,,si
1339,tasi, a   i  ,a,i,t,s,,si
1346,tati, a   i  ,a,i,t,t,,ti
1347,tati, a   i  ,a,i,t,t,,ti
1348,tati, a   i  ,a,i,t,t,,ti
1349,tati, a   i  ,a,i,t,t,,ti
1353,tawi, a   i  ,a,i,t,w,,wi
1572,waki, a   i  ,a,i,w,k,,ki
1575,wani, a   i  ,a,i,w,n,,ni
1583,wasi, a   i  ,a,i,w,s,,si
1584,wasi, a   i  ,a,i,w,s,,si
1585,wasir, a   i  ,a,i,w,s,r,sir
1657,yati, a   i  ,a,i,y,t,,ti
11,ado, a   o  ,a,o,,d,,do
45,amo, a   o  ,a,o,,m,,mo
59,apo, a   o  ,a,o,,p,,po
84,aso, a   o  ,a,o,,s,,so
85,asob, a   o  ,a,o,,s,b,sob
94,ato, a   o  ,a,o,,t,,to
95,ato, a   o  ,a,o,,t,,to
101,awo, a   o  ,a,o,,w,,wo
102,awo, a   o  ,a,o,,w,,wo
226,kago, a   o  ,a,o,k,g,,go
243,kako, a   o  ,a,o,k,k,,ko
262,kamo, a   o  ,a,o,k,m,,mo
263,kamo, a   o  ,a,o,k,m,,mo
289,kapo, a   o  ,a,o,k,p,,po
337,kawor, a   o  ,a,o,k,w,r,wor
341,kayor, a   o  ,a,o,k,y,r,yor
510,kwaso, a   o  ,a,o,kw,s,,so
556,mamor, a   o  ,a,o,m,m,r,mor
572,maro, a   o  ,a,o,m,r,,ro
573,maro, a   o  ,a,o,m,r,,ro
574,maro, a   o  ,a,o,m,r,,ro
575,marob, a   o  ,a,o,m,r,b,rob
581,maso, a   o  ,a,o,m,s,,so
595,mawos, a   o  ,a,o,m,w,s,wos
715,nado, a   o  ,a,o,n,d,,do
738,namo, a   o  ,a,o,n,m,,mo
747,nanor, a   o  ,a,o,n,n,r,nor
756,napo, a   o  ,a,o,n,p,,po
757,napo, a   o  ,a,o,n,p,,po
774,na…so, a   o  ,a,o,n,…s,,…so
1091,sapo, a   o  ,a,o,s,p,,po
1107,sato, a   o  ,a,o,s,t,,to
1113,sawo, a   o  ,a,o,s,w,,wo
1289,tado, a   o  ,a,o,t,d,,do
1327,tanom, a   o  ,a,o,t,n,m,nom
1354,tawor, a   o  ,a,o,t,w,r,wor
1580,waro, a   o  ,a,o,w,r,,ro
1635,yado, a   o  ,a,o,y,d,,do
1636,yador, a   o  ,a,o,y,d,r,dor
6,abur, a   u  ,a,u,,b,r,bur
7,abus, a   u  ,a,u,,b,s,bus
36,aku, a   u  ,a,u,,k,,ku
46,amu, a   u  ,a,u,,m,,mu
47,amus, a   u  ,a,u,,m,s,mus
60,apug, a   u  ,a,u,,p,g,pug
72,aruk, a   u  ,a,u,,r,k,ruk
86,asu, a   u  ,a,u,,s,,su
96,atu, a   u  ,a,u,,t,,tu
105,ayu, a   u  ,a,u,,y,,yu
106,ayu, a   u  ,a,u,,y,,yu
107,ayu, a   u  ,a,u,,y,,yu
108,ayum, a   u  ,a,u,,y,m,yum
114,azu, a   u  ,a,u,,z,,zu
209,kabu, a   u  ,a,u,k,b,,bu
210,kabus, a   u  ,a,u,k,b,s,bus
213,kadu, a   u  ,a,u,k,d,,du
214,kadu, a   u  ,a,u,k,d,,du
215,kaduk, a   u  ,a,u,k,d,k,duk
216,kadus, a   u  ,a,u,k,d,s,dus
227,kagu, a   u  ,a,u,k,g,,gu
244,kaku, a   u  ,a,u,k,k,,ku
245,kaku, a   u  ,a,u,k,k,,ku
246,kakum, a   u  ,a,u,k,k,m,kum
247,kakur, a   u  ,a,u,k,k,r,kur
248,kakus, a   u  ,a,u,k,k,s,kus
264,kamu, a   u  ,a,u,k,m,,mu
309,karu, a   u  ,a,u,k,r,,ru
319,kasu, a   u  ,a,u,k,s,,su
320,kasum, a   u  ,a,u,k,s,m,sum
335,katu, a   u  ,a,u,k,t,,tu
342,kayu, a   u  ,a,u,k,y,,yu
343,kayup, a   u  ,a,u,k,y,p,yup
349,kazu, a   u  ,a,u,k,z,,zu
539,madu, a   u  ,a,u,m,d,,du
550,makur, a   u  ,a,u,m,k,r,kur
576,maru, a   u  ,a,u,m,r,,ru
587,matu, a   u  ,a,u,m,t,,tu
588,matur, a   u  ,a,u,m,t,r,tur
589,matur, a   u  ,a,u,m,t,r,tur
592,maus, a   u  ,a,u,m,,s,us
597,mayup, a   u  ,a,u,m,y,p,yup
711,nabur, a   u  ,a,u,n,b,r,bur
716,nadu, a   u  ,a,u,n,d,,du
717,nadum, a   u  ,a,u,n,d,m,dum
739,namu, a   u  ,a,u,n,m,,mu
748,nanu, a   u  ,a,u,n,n,,nu
768,natu, a   u  ,a,u,n,t,,tu
769,natuk, a   u  ,a,u,n,t,k,tuk
772,nayu, a   u  ,a,u,n,y,,yu
877,pabuk, a   u  ,a,u,p,b,k,buk
878,pabur, a   u  ,a,u,p,b,r,bur
900,papuk, a   u  ,a,u,p,p,k,puk
901,papur, a   u  ,a,u,p,p,r,pur
902,papur, a   u  ,a,u,p,p,r,pur
909,paru, a   u  ,a,u,p,r,,ru
927,patu, a   u  ,a,u,p,t,,tu
928,patur, a   u  ,a,u,p,t,r,tur
936,pazu, a   u  ,a,u,p,z,,zu
1043,sagur, a   u  ,a,u,s,g,r,gur
1064,saku, a   u  ,a,u,s,k,,ku
1065,sakum, a   u  ,a,u,s,k,m,kum
1066,sakur, a   u  ,a,u,s,k,r,kur
1076,samu, a   u  ,a,u,s,m,,mu
1081,sanu, a   u  ,a,u,s,n,,nu
1096,saru, a   u  ,a,u,s,r,,ru
1104,sasup, a   u  ,a,u,s,s,p,sup
1108,satu, a   u  ,a,u,s,t,,tu
1290,tadu, a   u  ,a,u,t,d,,du
1291,tadu, a   u  ,a,u,t,d,,du
1298,tagup, a   u  ,a,u,t,g,p,gup
1309,taku, a   u  ,a,u,t,k,,ku
1321,tamu, a   u  ,a,u,t,m,,mu
1333,tapu, a   u  ,a,u,t,p,,pu
1337,taru, a   u  ,a,u,t,r,,ru
1350,tatu, a   u  ,a,u,t,t,,tu
1356,tayu, a   u  ,a,u,t,y,,yu
1357,tayur, a   u  ,a,u,t,y,r,yur
1573,waku, a   u  ,a,u,w,k,,ku
1576,wanu, a   u  ,a,u,w,n,,nu
1586,wasur, a   u  ,a,u,w,s,r,sur
1632,yabu, a   u  ,a,u,y,b,,bu
1633,yabur, a   u  ,a,u,y,b,r,bur
1647,yapu, a   u  ,a,u,y,p,,pu
1653,yasu, a   u  ,a,u,y,s,,su
1654,yasu, a   u  ,a,u,y,s,,su
1655,yasum, a   u  ,a,u,y,s,m,sum
37,akwi, a   wi  ,a,wi,,k,,kwi
116,damwi, a   wi  ,a,wi,d,m,,mwi
125,gakwi, a   wi  ,a,wi,g,k,,kwi
265,kamwi, a   wi  ,a,wi,k,m,,mwi
290,kapwi, a   wi  ,a,wi,k,p,,pwi
291,kapwi, a   wi  ,a,wi,k,p,,pwi
551,makwi, a   wi  ,a,wi,m,k,,kwi
567,mapwi, a   wi  ,a,wi,m,p,,pwi
723,nagwi, a   wi  ,a,wi,n,g,,gwi
724,nagwi, a   wi  ,a,wi,n,g,,gwi
725,nagwi, a   wi  ,a,wi,n,g,,gwi
730,nakwi, a   wi  ,a,wi,n,k,,kwi
740,namwi, a   wi  ,a,wi,n,m,,mwi
882,pagwi, a   wi  ,a,wi,p,g,,gwi
1032,-sabwi-, a   wi  ,a,wi,-s,b,-,bwi-
1033,sabwi, a   wi  ,a,wi,s,b,,bwi
1067,sakwi, a   wi  ,a,wi,s,k,,kwi
1283,tabwi, a   wi  ,a,wi,t,b,,bwi
1284,tabwi, a   wi  ,a,wi,t,b,,bwi
1322,tamwi, a   wi  ,a,wi,t,m,,mwi
1565,wabwi, a   wi  ,a,wi,w,b,,bwi
1638,yagwi, a   wi  ,a,wi,y,g,,gwi
1642,yamwi, a   wi  ,a,wi,y,m,,mwi
12,adwo, a   wo  ,a,wo,,d,,dwo
19,agwo, a   wo  ,a,wo,,g,,gwo
20,agwo, a   wo  ,a,wo,,g,,gwo
21,agwo, a   wo  ,a,wo,,g,,gwo
38,akwo, a   wo  ,a,wo,,k,,kwo
51,anwo, a   wo  ,a,wo,,n,,nwo
87,aswo, a   wo  ,a,wo,,s,,swo
88,aswob, a   wo  ,a,wo,,s,b,swob
97,atwo, a   wo  ,a,wo,,t,,two
98,atwo, a   wo  ,a,wo,,t,,two
109,aywok, a   wo  ,a,wo,,y,k,ywok
217,kadwo, a   wo  ,a,wo,k,d,,dwo
218,kadwo, a   wo  ,a,wo,k,d,,dwo
228,kagwo, a   wo  ,a,wo,k,g,,gwo
249,kakwo, a   wo  ,a,wo,k,k,,kwo
250,kakwo, a   wo  ,a,wo,k,k,,kwo
251,kakwo, a   wo  ,a,wo,k,k,,kwo
266,kamwo, a   wo  ,a,wo,k,m,,mwo
344,kaywop, a   wo  ,a,wo,k,y,p,ywop
540,madwo, a   wo  ,a,wo,m,d,,dwo
552,makwo, a   wo  ,a,wo,m,k,,kwo
557,mamwor, a   wo  ,a,wo,m,m,r,mwor
564,manwo, a   wo  ,a,wo,m,n,,nwo
582,maswo, a   wo  ,a,wo,m,s,,swo
583,maswo, a   wo  ,a,wo,m,s,,swo
590,matwo, a   wo  ,a,wo,m,t,,two
591,matwop, a   wo  ,a,wo,m,t,p,twop
598,maywo, a   wo  ,a,wo,m,y,,ywo
599,maywo, a   wo  ,a,wo,m,y,,ywo
600,maywop, a   wo  ,a,wo,m,y,p,ywop
726,nagwo, a   wo  ,a,wo,n,g,,gwo
731,nakwo, a   wo  ,a,wo,n,k,,kwo
773,naywo, a   wo  ,a,wo,n,y,,ywo
887,pakwo, a   wo  ,a,wo,p,k,,kwo
929,patwo, a   wo  ,a,wo,p,t,,two
1040,sadwop, a   wo  ,a,wo,s,d,p,dwop
1082,sanwo, a   wo  ,a,wo,s,n,,nwo
1083,sanwo, a   wo  ,a,wo,s,n,,nwo
1109,satwo, a   wo  ,a,wo,s,t,,two
1123,saywo, a   wo  ,a,wo,s,y,,ywo
1292,tadwor, a   wo  ,a,wo,t,d,r,dwor
1299,tagwo, a   wo  ,a,wo,t,g,,gwo
1310,takwo, a   wo  ,a,wo,t,k,,kwo
1358,taywor, a   wo  ,a,wo,t,y,r,ywor
1637,yadwo, a   wo  ,a,wo,y,d,,dwo
1645,yanwo, a   wo  ,a,wo,y,n,,nwo
129,gapye, a   ye  ,a,ye,g,p,,pye
229,kagye, a   ye  ,a,ye,k,g,,gye
252,kakye, a   ye  ,a,ye,k,k,,kye
253,kakye, a   ye  ,a,ye,k,k,,kye
292,kapyer, a   ye  ,a,ye,k,p,r,pyer
293,kapyes, a   ye  ,a,ye,k,p,s,pyes
568,mapye, a   ye  ,a,ye,m,p,,pye
732,nakyek, a   ye  ,a,ye,n,k,k,kyek
741,namye, a   ye  ,a,ye,n,m,,mye
1068,sakye, a   ye  ,a,ye,s,k,,kye
1069,sakyeb, a   ye  ,a,ye,s,k,b,kyeb
1092,sapyek, a   ye  ,a,ye,s,p,k,pyek
1311,takye, a   ye  ,a,ye,t,k,,kye
1312,takye, a   ye  ,a,ye,t,k,,kye
1648,yapye, a   ye  ,a,ye,y,p,,pye
123,erab, e   a  ,e,a,,r,b,rab
124,erap, e   a  ,e,a,,r,p,rap
351,kena, e   a  ,e,a,k,n,,na
356,keta, e   a  ,e,a,k,t,,ta
775,nebap, e   a  ,e,a,n,b,p,bap
777,nedar, e   a  ,e,a,n,d,r,dar
779,negap, e   a  ,e,a,n,g,p,gap
781,nenak, e   a  ,e,a,n,n,k,nak
782,nepap, e   a  ,e,a,n,p,p,pap
783,nerap, e   a  ,e,a,n,r,p,rap
785,neta, e   a  ,e,a,n,t,,ta
1125,seba, e   a  ,e,a,s,b,,ba
1131,seta, e   a  ,e,a,s,t,,ta
1360,tera, e   a  ,e,a,t,r,,ra
1361,terap, e   a  ,e,a,t,r,p,rap
1362,teras, e   a  ,e,a,t,r,s,ras
1595,wemap, e   a  ,e,a,w,m,p,map
1659,yeda, e   a  ,e,a,y,d,,da
122,ee, e   e  ,e,e,,,,e
602,mede, e   e  ,e,e,m,d,,de
603,mede, e   e  ,e,e,m,d,,de
1128,seme, e   e  ,e,e,s,m,,me
1134,seze, e   e  ,e,e,s,z,,ze
353,kepi, e   i  ,e,i,k,p,,pi
355,keri, e   i  ,e,i,k,r,,ri
784,neri, e   i  ,e,i,n,r,,ri
937,pemi, e   i  ,e,i,p,m,,mi
1126,seki, e   i  ,e,i,s,k,,ki
1129,semi, e   i  ,e,i,s,m,,mi
1130,seri, e   i  ,e,i,s,r,,ri
1660,yepi, e   i  ,e,i,y,p,,pi
357,keto, e   o  ,e,o,k,t,,to
350,kedur, e   u  ,e,u,k,d,r,dur
354,kepu, e   u  ,e,u,k,p,,pu
604,megu, e   u  ,e,u,m,g,,gu
605,megum, e   u  ,e,u,m,g,m,gum
606,megur, e   u  ,e,u,m,g,r,gur
776,nebu, e   u  ,e,u,n,b,,bu
1594,wegu, e   u  ,e,u,w,g,,gu
780,negwi, e   wi  ,e,wi,n,g,,gwi
352,kenwo, e   wo  ,e,wo,k,n,,nwo
778,nedwo, e   wo  ,e,wo,n,d,,dwo
938,peswo, e   wo  ,e,wo,p,s,,swo
1127,sekwo, e   wo  ,e,wo,s,k,,kwo
1132,setwo, e   wo  ,e,wo,s,t,,two
1133,setwo, e   wo  ,e,wo,s,t,,two
1359,tegwo, e   wo  ,e,wo,t,g,,gwo
137,idas, i   a  ,i,a,,d,s,das
143,ika, i   a  ,i,a,,k,,ka
144,ika, i   a  ,i,a,,k,,ka
145,ikar, i   a  ,i,a,,k,r,kar
151,ima, i   a  ,i,a,,m,,ma
152,ima, i   a  ,i,a,,m,,ma
153,imas, i   a  ,i,a,,m,s,mas
160,ina, i   a  ,i,a,,n,,na
161,ina, i   a  ,i,a,,n,,na
166,ipa, i   a  ,i,a,,p,,pa
167,ipa, i   a  ,i,a,,p,,pa
168,ipap, i   a  ,i,a,,p,p,pap
179,isa, i   a  ,i,a,,s,,sa
180,isam, i   a  ,i,a,,s,m,sam
188,ita, i   a  ,i,a,,t,,ta
189,ita, i   a  ,i,a,,t,,ta
190,ita, i   a  ,i,a,,t,,ta
191,itam, i   a  ,i,a,,t,m,tam
192,itar, i   a  ,i,a,,t,r,tar
203,iya, i   a  ,i,a,,y,,ya
206,iza, i   a  ,i,a,,z,,za
207,izar, i   a  ,i,a,,z,r,zar
359,kikam, i   a  ,i,a,k,k,m,kam
367,kinak, i   a  ,i,a,k,n,k,nak
370,kipa, i   a  ,i,a,k,p,,pa
371,kipam, i   a  ,i,a,k,p,m,pam
372,kipar, i   a  ,i,a,k,p,r,par
376,kisa, i   a  ,i,a,k,s,,sa
382,kita, i   a  ,i,a,k,t,,ta
383,kitar, i   a  ,i,a,k,t,r,tar
384,kitat, i   a  ,i,a,k,t,t,tat
391,kiza, i   a  ,i,a,k,z,,za
607,midar, i   a  ,i,a,m,d,r,dar
614,mika, i   a  ,i,a,m,k,,ka
618,mima, i   a  ,i,a,m,m,,ma
620,mina, i   a  ,i,a,m,n,,na
621,mina, i   a  ,i,a,m,n,,na
627,mira, i   a  ,i,a,m,r,,ra
631,mita, i   a  ,i,a,m,t,,ta
637,miwa, i   a  ,i,a,m,w,,wa
638,miwa, i   a  ,i,a,m,w,,wa
641,miya, i   a  ,i,a,m,y,,ya
642,miyar, i   a  ,i,a,m,y,r,yar
794,ninap, i   a  ,i,a,n,n,p,nap
796,nipa, i   a  ,i,a,n,p,,pa
940,pida, i   a  ,i,a,p,d,,da
946,pika, i   a  ,i,a,p,k,,ka
947,pikar, i   a  ,i,a,p,k,r,kar
957,pina, i   a  ,i,a,p,n,,na
959,pira, i   a  ,i,a,p,r,,ra
960,pira, i   a  ,i,a,p,r,,ra
961,pirak, i   a  ,i,a,p,r,k,rak
970,pisa, i   a  ,i,a,p,s,,sa
971,pisa, i   a  ,i,a,p,s,,sa
975,pita, i   a  ,i,a,p,t,,ta
976,pita, i   a  ,i,a,p,t,,ta
977,pitar, i   a  ,i,a,p,t,r,tar
983,piza, i   a  ,i,a,p,z,,za
1135,siba, i   a  ,i,a,s,b,,ba
1136,siba, i   a  ,i,a,s,b,,ba
1137,siba, i   a  ,i,a,s,b,,ba
1141,sida, i   a  ,i,a,s,d,,da
1142,sida, i   a  ,i,a,s,d,,da
1143,sidar, i   a  ,i,a,s,d,r,dar
1150,siga, i   a  ,i,a,s,g,,ga
1158,sika, i   a  ,i,a,s,k,,ka
1159,sika, i   a  ,i,a,s,k,,ka
1160,sika, i   a  ,i,a,s,k,,ka
1161,sikar, i   a  ,i,a,s,k,r,kar
1168,sima, i   a  ,i,a,s,m,,ma
1169,sima, i   a  ,i,a,s,m,,ma
1170,sima, i   a  ,i,a,s,m,,ma
1171,simar, i   a  ,i,a,s,m,r,mar
1181,sinap, i   a  ,i,a,s,n,p,nap
1196,sira, i   a  ,i,a,s,r,,ra
1209,sita, i   a  ,i,a,s,t,,ta
1210,sita, i   a  ,i,a,s,t,,ta
1211,sitap, i   a  ,i,a,s,t,p,tap
1212,sitap, i   a  ,i,a,s,t,p,tap
1216,siwa, i   a  ,i,a,s,w,,wa
1217,siwam, i   a  ,i,a,s,w,m,wam
1363,tiba, i   a  ,i,a,t,b,,ba
1364,tiba, i   a  ,i,a,t,b,,ba
1365,tika, i   a  ,i,a,t,k,,ka
1366,tika, i   a  ,i,a,t,k,,ka
1368,tipap, i   a  ,i,a,t,p,p,pap
1371,tirap, i   a  ,i,a,t,r,p,rap
1372,tiras, i   a  ,i,a,t,r,s,ras
1374,tisa, i   a  ,i,a,t,s,,sa
1375,tita, i   a  ,i,a,t,t,,ta
1598,wina, i   a  ,i,a,w,n,,na
1599,wina, i   a  ,i,a,w,n,,na
138,ide, i   e  ,i,e,,d,,de
139,ide, i   e  ,i,e,,d,,de
140,ide, i   e  ,i,e,,d,,de
146,ike, i   e  ,i,e,,k,,ke
147,ike, i   e  ,i,e,,k,,ke
154,ime, i   e  ,i,e,,m,,me
155,ime, i   e  ,i,e,,m,,me
162,ine, i   e  ,i,e,,n,,ne
163,ine, i   e  ,i,e,,n,,ne
169,ipe, i   e  ,i,e,,p,,pe
177,ire, i   e  ,i,e,,r,,re
181,ise, i   e  ,i,e,,s,,se
204,iye, i   e  ,i,e,,y,,ye
373,kipe, i   e  ,i,e,k,p,,pe
375,kire, i   e  ,i,e,k,r,,re
377,kise, i   e  ,i,e,k,s,,se
386,kiye, i   e  ,i,e,k,y,,ye
612,mige, i   e  ,i,e,m,g,,ge
613,mige, i   e  ,i,e,m,g,,ge
615,mike, i   e  ,i,e,m,k,,ke
622,mine, i   e  ,i,e,m,n,,ne
629,mise, i   e  ,i,e,m,s,,se
632,mite, i   e  ,i,e,m,t,,te
786,nige, i   e  ,i,e,n,g,,ge
797,nipe, i   e  ,i,e,n,p,,pe
804,nire, i   e  ,i,e,n,r,,re
941,pide, i   e  ,i,e,p,d,,de
942,pider, i   e  ,i,e,p,d,r,der
945,pige, i   e  ,i,e,p,g,,ge
948,pike, i   e  ,i,e,p,k,,ke
952,pime, i   e  ,i,e,p,m,,me
953,pime, i   e  ,i,e,p,m,,me
962,pire, i   e  ,i,e,p,r,,re
982,piye, i   e  ,i,e,p,y,,ye
1144,side, i   e  ,i,e,s,d,,de
1145,side, i   e  ,i,e,s,d,,de
1151,sige, i   e  ,i,e,s,g,,ge
1152,sige, i   e  ,i,e,s,g,,ge
1153,sige, i   e  ,i,e,s,g,,ge
1154,siger, i   e  ,i,e,s,g,r,ger
1162,sike, i   e  ,i,e,s,k,,ke
1172,-sime-, i   e  ,i,e,-s,m,-,me-
1173,sime, i   e  ,i,e,s,m,,me
1174,sime, i   e  ,i,e,s,m,,me
1175,sime, i   e  ,i,e,s,m,,me
1197,sire, i   e  ,i,e,s,r,,re
1205,sise, i   e  ,i,e,s,s,,se
1596,wide, i   e  ,i,e,w,d,,de
1600,wine, i   e  ,i,e,w,n,,ne
148,iki, i   i  ,i,i,,k,,ki
170,ipi, i   i  ,i,i,,p,,pi
171,ipi, i   i  ,i,i,,p,,pi
172,ipi, i   i  ,i,i,,p,,pi
182,isi, i   i  ,i,i,,s,,si
183,isi, i   i  ,i,i,,s,,si
193,iti, i   i  ,i,i,,t,,ti
363,kimi, i   i  ,i,i,k,m,,mi
364,kimi, i   i  ,i,i,k,m,,mi
378,kisik, i   i  ,i,i,k,s,k,sik
616,miki, i   i  ,i,i,m,k,,ki
619,mimi, i   i  ,i,i,m,m,,mi
633,miti, i   i  ,i,i,m,t,,ti
634,miti, i   i  ,i,i,m,t,,ti
787,nigir, i   i  ,i,i,n,g,r,gir
789,niki, i   i  ,i,i,n,k,,ki
790,niki, i   i  ,i,i,n,k,,ki
798,nipi, i   i  ,i,i,n,p,,pi
805,nisi, i   i  ,i,i,n,s,,si
939,pibik, i   i  ,i,i,p,b,k,bik
943,pidi, i   i  ,i,i,p,d,,di
954,pimi, i   i  ,i,i,p,m,,mi
958,pipik, i   i  ,i,i,p,p,k,pik
963,pirip, i   i  ,i,i,p,r,p,rip
972,pisi, i   i  ,i,i,p,s,,si
973,pisi, i   i  ,i,i,p,s,,si
974,pisi, i   i  ,i,i,p,s,,si
984,pizi, i   i  ,i,i,p,z,,zi
1138,sibi, i   i  ,i,i,s,b,,bi
1155,sigi, i   i  ,i,i,s,g,,gi
1163,sikir, i   i  ,i,i,s,k,r,kir
1176,simi, i   i  ,i,i,s,m,,mi
1190,sipi, i   i  ,i,i,s,p,,pi
1198,siri, i   i  ,i,i,s,r,,ri
1206,sisi, i   i  ,i,i,s,s,,si
1207,sisi, i   i  ,i,i,s,s,,si
1208,sisi, i   i  ,i,i,s,s,,si
1218,sizi, i   i  ,i,i,s,z,,zi
1373,tiri, i   i  ,i,i,t,r,,ri
1376,titi, i   i  ,i,i,t,t,,ti
1377,titi, i   i  ,i,i,t,t,,ti
149,ikop, i   o  ,i,o,,k,p,kop
156,imo, i   o  ,i,o,,m,,mo
157,imo, i   o  ,i,o,,m,,mo
164,inor, i   o  ,i,o,,n,r,nor
173,ipo, i   o  ,i,o,,p,,po
174,ipor, i   o  ,i,o,,p,r,por
178,iro, i   o  ,i,o,,r,,ro
194,ito, i   o  ,i,o,,t,,to
195,ito, i   o  ,i,o,,t,,to
196,itop, i   o  ,i,o,,t,p,top
205,iyo, i   o  ,i,o,,y,,yo
360,kikos, i   o  ,i,o,k,k,s,kos
365,kimo, i   o  ,i,o,k,m,,mo
374,kipop, i   o  ,i,o,k,p,p,pop
379,kiso, i   o  ,i,o,k,s,,so
380,kisop, i   o  ,i,o,k,s,p,sop
387,kiyo, i   o  ,i,o,k,y,,yo
388,kiyor, i   o  ,i,o,k,y,r,yor
392,kizo, i   o  ,i,o,k,z,,zo
623,mino, i   o  ,i,o,m,n,,no
625,mipo, i   o  ,i,o,m,p,,po
630,misog, i   o  ,i,o,m,s,g,sog
639,miwo, i   o  ,i,o,m,w,,wo
640,miwo, i   o  ,i,o,m,w,,wo
644,mizo, i   o  ,i,o,m,z,,zo
788,nigor, i   o  ,i,o,n,g,r,gor
799,nipo, i   o  ,i,o,n,p,,po
800,nipop, i   o  ,i,o,n,p,p,pop
801,nipos, i   o  ,i,o,n,p,s,pos
955,pimo, i   o  ,i,o,p,m,,mo
964,piro, i   o  ,i,o,p,r,,ro
965,piro, i   o  ,i,o,p,r,,ro
966,pirop, i   o  ,i,o,p,r,p,rop
967,piror, i   o  ,i,o,p,r,r,ror
978,pito, i   o  ,i,o,p,t,,to
979,pito, i   o  ,i,o,p,t,,to
981,piwo, i   o  ,i,o,p,w,,wo
1139,sibom, i   o  ,i,o,s,b,m,bom
1164,siko, i   o  ,i,o,s,k,,ko
1165,sikor, i   o  ,i,o,s,k,r,kor
1177,simo, i   o  ,i,o,s,m,,mo
1178,simo, i   o  ,i,o,s,m,,mo
1182,sino, i   o  ,i,o,s,n,,no
1183,sinop, i   o  ,i,o,s,n,p,nop
1191,sipo, i   o  ,i,o,s,p,,po
1192,sipo, i   o  ,i,o,s,p,,po
1193,sipo, i   o  ,i,o,s,p,,po
1199,siro, i   o  ,i,o,s,r,,ro
141,idu, i   u  ,i,u,,d,,du
142,idu, i   u  ,i,u,,d,,du
150,iku, i   u  ,i,u,,k,,ku
158,imu, i   u  ,i,u,,m,,mu
165,inu, i   u  ,i,u,,n,,nu
184,isu, i   u  ,i,u,,s,,su
197,itu, i   u  ,i,u,,t,,tu
198,itu, i   u  ,i,u,,t,,tu
199,itu, i   u  ,i,u,,t,,tu
200,ituk, i   u  ,i,u,,t,k,tuk
361,kiku, i   u  ,i,u,k,k,,ku
362,kiku, i   u  ,i,u,k,k,,ku
368,kinu, i   u  ,i,u,k,n,,nu
369,kinu, i   u  ,i,u,k,n,,nu
381,kisum, i   u  ,i,u,k,s,m,sum
385,kitug, i   u  ,i,u,k,t,g,tug
393,kizu, i   u  ,i,u,k,z,,zu
608,midu, i   u  ,i,u,m,d,,du
609,midu, i   u  ,i,u,m,d,,du
610,miduk, i   u  ,i,u,m,d,k,duk
628,miru, i   u  ,i,u,m,r,,ru
635,mitu, i   u  ,i,u,m,t,,tu
643,miyu, i   u  ,i,u,m,y,,yu
791,niku, i   u  ,i,u,n,k,,ku
792,nikum, i   u  ,i,u,n,k,m,kum
802,nipu, i   u  ,i,u,n,p,,pu
803,nipu, i   u  ,i,u,n,p,,pu
806,nituk, i   u  ,i,u,n,t,k,tuk
944,pidut, i   u  ,i,u,p,d,t,dut
968,piru, i   u  ,i,u,p,r,,ru
969,piru, i   u  ,i,u,p,r,,ru
980,pitu, i   u  ,i,u,p,t,,tu
1146,sidu, i   u  ,i,u,s,d,,du
1147,sidu, i   u  ,i,u,s,d,,du
1148,siduk, i   u  ,i,u,s,d,k,duk
1149,sidum, i   u  ,i,u,s,d,m,dum
1156,sigup, i   u  ,i,u,s,g,p,gup
1184,sinup, i   u  ,i,u,s,n,p,nup
1200,siru, i   u  ,i,u,s,r,,ru
1201,siru, i   u  ,i,u,s,r,,ru
1202,siru, i   u  ,i,u,s,r,,ru
1203,sirus, i   u  ,i,u,s,r,s,rus
1213,situ, i   u  ,i,u,s,t,,tu
1214,situ, i   u  ,i,u,s,t,,tu
1215,situ, i   u  ,i,u,s,t,,tu
1367,tinu, i   u  ,i,u,t,n,,nu
1369,tipu, i   u  ,i,u,t,p,,pu
1601,wiyuk, i   u  ,i,u,w,y,k,yuk
358,kibwi, i   wi  ,i,wi,k,b,,bwi
1140,-sibwi-, i   wi  ,i,wi,-s,b,-,bwi-
1166,sikwi, i   wi  ,i,wi,s,k,,kwi
1179,simwi, i   wi  ,i,wi,s,m,,mwi
1194,sipwi, i   wi  ,i,wi,s,p,,pwi
1195,sipwi, i   wi  ,i,wi,s,p,,pwi
159,imwo, i   wo  ,i,wo,,m,,mwo
185,iswo, i   wo  ,i,wo,,s,,swo
186,iswog, i   wo  ,i,wo,,s,g,swog
187,iswop, i   wo  ,i,wo,,s,p,swop
201,itwo, i   wo  ,i,wo,,t,,two
202,itwo, i   wo  ,i,wo,,t,,two
366,kimwo, i   wo  ,i,wo,k,m,,mwo
389,kiywo, i   wo  ,i,wo,k,y,,ywo
390,kiywob, i   wo  ,i,wo,k,y,b,ywob
611,midwo, i   wo  ,i,wo,m,d,,dwo
617,mikwo, i   wo  ,i,wo,m,k,,kwo
624,minwo, i   wo  ,i,wo,m,n,,nwo
636,mitwo, i   wo  ,i,wo,m,t,,two
793,nikwo, i   wo  ,i,wo,n,k,,kwo
795,ninwo, i   wo  ,i,wo,n,n,,nwo
949,pikwo, i   wo  ,i,wo,p,k,,kwo
950,pikwo, i   wo  ,i,wo,p,k,,kwo
951,pikwo, i   wo  ,i,wo,p,k,,kwo
1185,sinwo, i   wo  ,i,wo,s,n,,nwo
1186,sinwo, i   wo  ,i,wo,s,n,,nwo
1187,sinwob, i   wo  ,i,wo,s,n,b,nwob
1188,sinwog, i   wo  ,i,wo,s,n,g,nwog
1189,sinwop, i   wo  ,i,wo,s,n,p,nwop
1204,sirwo, i   wo  ,i,wo,s,r,,rwo
1597,wikwo, i   wo  ,i,wo,w,k,,kwo
175,ipye, i   ye  ,i,ye,,p,,pye
176,ipyes, i   ye  ,i,ye,,p,s,pyes
626,mipye, i   ye  ,i,ye,m,p,,pye
956,pimye, i   ye  ,i,ye,p,m,,mye
1157,sigye, i   ye  ,i,ye,s,g,,gye
1167,sikye, i   ye  ,i,ye,s,k,,kye
1180,simyes, i   ye  ,i,ye,s,m,s,myes
1370,tipye, i   ye  ,i,ye,t,p,,pye
395,kodar, o   a  ,o,a,k,d,r,dar
396,koga, o   a  ,o,a,k,g,,ga
402,koma, o   a  ,o,a,k,m,,ma
403,koma, o   a  ,o,a,k,m,,ma
436,koyar, o   a  ,o,a,k,y,r,yar
437,koyas, o   a  ,o,a,k,y,s,yas
646,moda, o   a  ,o,a,m,d,,da
647,modas, o   a  ,o,a,m,d,s,das
648,moga, o   a  ,o,a,m,g,,ga
650,moka, o   a  ,o,a,m,k,,ka
817,notab, o   a  ,o,a,n,t,b,tab
862,orab, o   a  ,o,a,,r,b,rab
875,oya, o   a  ,o,a,,y,,ya
985,poda, o   a  ,o,a,p,d,,da
987,poka, o   a  ,o,a,p,k,,ka
1219,soba, o   a  ,o,a,s,b,,ba
1220,sodar, o   a  ,o,a,s,d,r,dar
1224,soma, o   a  ,o,a,s,m,,ma
1234,sora, o   a  ,o,a,s,r,,ra
1378,toba, o   a  ,o,a,t,b,,ba
1379,tobas, o   a  ,o,a,t,b,s,bas
1381,toga, o   a  ,o,a,t,g,,ga
1382,togar, o   a  ,o,a,t,g,r,gar
1390,tomar, o   a  ,o,a,t,m,r,mar
1416,toya, o   a  ,o,a,t,y,,ya
1602,woba, o   a  ,o,a,w,b,,ba
1607,woka, o   a  ,o,a,w,k,,ka
1612,wona, o   a  ,o,a,w,n,,na
1616,wopar, o   a  ,o,a,w,p,r,par
1620,wosa, o   a  ,o,a,w,s,,sa
1664,yokas, o   a  ,o,a,y,k,s,kas
1681,yowa, o   a  ,o,a,y,w,,wa
400,koke, o   e  ,o,e,k,k,,ke
404,kome, o   e  ,o,e,k,m,,me
405,kome, o   e  ,o,e,k,m,,me
412,kore, o   e  ,o,e,k,r,,re
420,kose, o   e  ,o,e,k,s,,se
421,kose, o   e  ,o,e,k,s,,se
422,kose, o   e  ,o,e,k,s,,se
435,kowe, o   e  ,o,e,k,w,,we
656,mone, o   e  ,o,e,m,n,,ne
666,mote, o   e  ,o,e,m,t,,te
671,moye, o   e  ,o,e,m,y,,ye
672,moye, o   e  ,o,e,m,y,,ye
807,nobe, o   e  ,o,e,n,b,,be
848,ome, o   e  ,o,e,,m,,me
990,pome, o   e  ,o,e,p,m,,me
997,poye, o   e  ,o,e,p,y,,ye
1221,soke, o   e  ,o,e,s,k,,ke
1225,some, o   e  ,o,e,s,m,,me
1226,some, o   e  ,o,e,s,m,,me
1228,sone, o   e  ,o,e,s,n,,ne
1231,sope, o   e  ,o,e,s,p,,pe
1235,sore, o   e  ,o,e,s,r,,re
1383,toge, o   e  ,o,e,t,g,,ge
1384,toke, o   e  ,o,e,t,k,,ke
1391,tome, o   e  ,o,e,t,m,,me
1392,tome, o   e  ,o,e,t,m,,me
1409,tose, o   e  ,o,e,t,s,,se
1608,woke, o   e  ,o,e,w,k,,ke
1610,wome, o   e  ,o,e,w,m,,me
1617,wope, o   e  ,o,e,w,p,,pe
1674,yose, o   e  ,o,e,y,s,,se
397,kogin, o   i  ,o,i,k,g,n,gin
398,kogir, o   i  ,o,i,k,g,r,gir
399,koi, o   i  ,o,i,k,,,i
413,kori, o   i  ,o,i,k,r,,ri
414,kori, o   i  ,o,i,k,r,,ri
423,kosi, o   i  ,o,i,k,s,,si
424,kosi, o   i  ,o,i,k,s,,si
427,koti, o   i  ,o,i,k,t,,ti
428,koti, o   i  ,o,i,k,t,,ti
438,kozi, o   i  ,o,i,k,z,,zi
645,mobik, o   i  ,o,i,m,b,k,bik
649,moi, o   i  ,o,i,m,,,i
652,momit, o   i  ,o,i,m,m,t,mit
659,mopi, o   i  ,o,i,m,p,,pi
660,mori, o   i  ,o,i,m,r,,ri
661,mori, o   i  ,o,i,m,r,,ri
665,mosi, o   i  ,o,i,m,s,,si
667,moti, o   i  ,o,i,m,t,,ti
668,moti, o   i  ,o,i,m,t,,ti
813,nomi, o   i  ,o,i,n,m,,mi
815,nori, o   i  ,o,i,n,r,,ri
816,nori, o   i  ,o,i,n,r,,ri
818,noti, o   i  ,o,i,n,t,,ti
840,odi, o   i  ,o,i,,d,,di
841,oi, o   i  ,o,i,,,,i
842,oki, o   i  ,o,i,,k,,ki
843,oki, o   i  ,o,i,,k,,ki
849,omi, o   i  ,o,i,,m,,mi
863,ori, o   i  ,o,i,,r,,ri
866,osi, o   i  ,o,i,,s,,si
869,oti, o   i  ,o,i,,t,,ti
992,posi, o   i  ,o,i,p,s,,si
993,posi, o   i  ,o,i,p,s,,si
1229,soni, o   i  ,o,i,s,n,,ni
1238,soti, o   i  ,o,i,s,t,,ti
1385,toki, o   i  ,o,i,t,k,,ki
1393,tomi, o   i  ,o,i,t,m,,mi
1394,tomi, o   i  ,o,i,t,m,,mi
1406,tori, o   i  ,o,i,t,r,,ri
1407,tori, o   i  ,o,i,t,r,,ri
1408,tori, o   i  ,o,i,t,r,,ri
1410,tosi, o   i  ,o,i,t,s,,si
1411,toti, o   i  ,o,i,t,t,,ti
1412,towi, o   i  ,o,i,t,w,,wi
1603,wodi, o   i  ,o,i,w,d,,di
1611,womi, o   i  ,o,i,w,m,,mi
1621,wosi, o   i  ,o,i,w,s,,si
1622,wosi, o   i  ,o,i,w,s,,si
1623,wosim, o   i  ,o,i,w,s,m,sim
1626,woti, o   i  ,o,i,w,t,,ti
1627,woti, o   i  ,o,i,w,t,,ti
1628,woti, o   i  ,o,i,w,t,,ti
1661,yodi, o   i  ,o,i,y,d,,di
1665,yoki, o   i  ,o,i,y,k,,ki
1671,yopi, o   i  ,o,i,y,p,,pi
1672,yori, o   i  ,o,i,y,r,,ri
1675,yosi, o   i  ,o,i,y,s,,si
1676,yosi, o   i  ,o,i,y,s,,si
1680,yoti, o   i  ,o,i,y,t,,ti
119,domo, o   o  ,o,o,d,m,,mo
131,gomor, o   o  ,o,o,g,m,r,mor
132,goto, o   o  ,o,o,g,t,,to
133,goto, o   o  ,o,o,g,t,,to
134,goto, o   o  ,o,o,g,t,,to
394,kobot, o   o  ,o,o,k,b,t,bot
401,koko, o   o  ,o,o,k,k,,ko
406,komo, o   o  ,o,o,k,m,,mo
407,komor, o   o  ,o,o,k,m,r,mor
409,konom, o   o  ,o,o,k,n,m,nom
410,kopor, o   o  ,o,o,k,p,r,por
411,kopot, o   o  ,o,o,k,p,t,pot
415,koro, o   o  ,o,o,k,r,,ro
416,koro, o   o  ,o,o,k,r,,ro
417,koro, o   o  ,o,o,k,r,,ro
418,korop, o   o  ,o,o,k,r,p,rop
419,koros, o   o  ,o,o,k,r,s,ros
425,koso, o   o  ,o,o,k,s,,so
426,koso, o   o  ,o,o,k,s,,so
429,koto, o   o  ,o,o,k,t,,to
430,koto, o   o  ,o,o,k,t,,to
431,koto, o   o  ,o,o,k,t,,to
432,koto, o   o  ,o,o,k,t,,to
433,koto, o   o  ,o,o,k,t,,to
439,kozo, o   o  ,o,o,k,z,,zo
440,kozo, o   o  ,o,o,k,z,,zo
653,momo, o   o  ,o,o,m,m,,mo
654,momo, o   o  ,o,o,m,m,,mo
657,mono, o   o  ,o,o,m,n,,no
658,mono, o   o  ,o,o,m,n,,no
662,moro, o   o  ,o,o,m,r,,ro
663,moro, o   o  ,o,o,m,r,,ro
664,moro, o   o  ,o,o,m,r,,ro
669,moto, o   o  ,o,o,m,t,,to
670,moto, o   o  ,o,o,m,t,,to
808,nobor, o   o  ,o,o,n,b,r,bor
809,nogop, o   o  ,o,o,n,g,p,gop
810,noko, o   o  ,o,o,n,k,,ko
811,nokor, o   o  ,o,o,n,k,r,kor
812,nokos, o   o  ,o,o,n,k,s,kos
819,noto, o   o  ,o,o,n,t,,to
820,nozok, o   o  ,o,o,n,z,k,zok
839,obo, o   o  ,o,o,,b,,bo
844,okos, o   o  ,o,o,,k,s,kos
850,omo, o   o  ,o,o,,m,,mo
851,omo, o   o  ,o,o,,m,,mo
852,omo, o   o  ,o,o,,m,,mo
853,omop, o   o  ,o,o,,m,p,mop
854,ono, o   o  ,o,o,,n,,no
855,ono, o   o  ,o,o,,n,,no
856,opo, o   o  ,o,o,,p,,po
857,opo, o   o  ,o,o,,p,,po
858,opo, o   o  ,o,o,,p,,po
859,opop, o   o  ,o,o,,p,p,pop
860,opos, o   o  ,o,o,,p,s,pos
864,oros, o   o  ,o,o,,r,s,ros
865,oros, o   o  ,o,o,,r,s,ros
867,oso, o   o  ,o,o,,s,,so
870,oto, o   o  ,o,o,,t,,to
871,oto, o   o  ,o,o,,t,,to
872,otor, o   o  ,o,o,,t,r,tor
873,otos, o   o  ,o,o,,t,s,tos
876,oyob, o   o  ,o,o,,y,b,yob
986,podok, o   o  ,o,o,p,d,k,dok
988,poko, o   o  ,o,o,p,k,,ko
989,pokor, o   o  ,o,o,p,k,r,kor
991,pono, o   o  ,o,o,p,n,,no
994,poso, o   o  ,o,o,p,s,,so
998,poyo, o   o  ,o,o,p,y,,yo
1222,soko, o   o  ,o,o,s,k,,ko
1223,soko, o   o  ,o,o,s,k,,ko
1230,sono, o   o  ,o,o,s,n,,no
1232,sopo, o   o  ,o,o,s,p,,po
1233,sopot, o   o  ,o,o,s,p,t,pot
1236,sosok, o   o  ,o,o,s,s,k,sok
1237,sosor, o   o  ,o,o,s,s,r,sor
1239,soyo, o   o  ,o,o,s,y,,yo
1380,todo, o   o  ,o,o,t,d,,do
1386,toko, o   o  ,o,o,t,k,,ko
1387,toko, o   o  ,o,o,t,k,,ko
1388,toko, o   o  ,o,o,t,k,,ko
1395,tomo, o   o  ,o,o,t,m,,mo
1396,tomo, o   o  ,o,o,t,m,,mo
1397,tomo, o   o  ,o,o,t,m,,mo
1398,tomo, o   o  ,o,o,t,m,,mo
1399,tomo, o   o  ,o,o,t,m,,mo
1400,tomo, o   o  ,o,o,t,m,,mo
1401,tomos, o   o  ,o,o,t,m,s,mos
1402,tono, o   o  ,o,o,t,n,,no
1403,topo, o   o  ,o,o,t,p,,po
1404,topor, o   o  ,o,o,t,p,r,por
1405,topos, o   o  ,o,o,t,p,s,pos
1413,towo, o   o  ,o,o,t,w,,wo
1414,towo, o   o  ,o,o,t,w,,wo
1415,towom, o   o  ,o,o,t,w,m,wom
1417,toyo, o   o  ,o,o,t,y,,yo
1418,toyo, o   o  ,o,o,t,y,,yo
1419,toyom, o   o  ,o,o,t,y,m,yom
1604,wodor, o   o  ,o,o,w,d,r,dor
1609,woko, o   o  ,o,o,w,k,,ko
1613,wono, o   o  ,o,o,w,n,,no
1624,woso, o   o  ,o,o,w,s,,so
1629,woto, o   o  ,o,o,w,t,,to
1631,wowor, o   o  ,o,o,w,w,r,wor
1662,yodo, o   o  ,o,o,y,d,,do
1663,yodom, o   o  ,o,o,y,d,m,dom
1666,yoko, o   o  ,o,o,y,k,,ko
1667,yokos, o   o  ,o,o,y,k,s,kos
1669,yomo, o   o  ,o,o,y,m,,mo
1673,yorop, o   o  ,o,o,y,r,p,rop
1677,yoso, o   o  ,o,o,y,s,,so
1678,yosop, o   o  ,o,o,y,s,p,sop
1679,yosor, o   o  ,o,o,y,s,r,sor
1682,yoyom, o   o  ,o,o,y,y,m,yom
434,kotu, o   u  ,o,u,k,t,,tu
655,momu, o   u  ,o,u,m,m,,mu
673,mozu, o   u  ,o,u,m,z,,zu
845,oku, o   u  ,o,u,,k,,ku
846,okur, o   u  ,o,u,,k,r,kur
868,osu, o   u  ,o,u,,s,,su
874,ou, o   u  ,o,u,,,,u
995,potu, o   u  ,o,u,p,t,,tu
1227,somuk, o   u  ,o,u,s,m,k,muk
1618,wopu, o   u  ,o,u,w,p,,pu
1619,wopu, o   u  ,o,u,w,p,,pu
1625,wosu, o   u  ,o,u,w,s,,su
1630,wotu, o   u  ,o,u,w,t,,tu
408,komwi, o   wi  ,o,wi,k,m,,mwi
814,nomwi, o   wi  ,o,wi,n,m,,mwi
847,okwi, o   wi  ,o,wi,,k,,kwi
861,opwi, o   wi  ,o,wi,,p,,pwi
1606,wogwi, o   wi  ,o,wi,w,g,,gwi
1668,yokwi, o   wi  ,o,wi,y,k,,kwi
1670,yomwi, o   wi  ,o,wi,y,m,,mwi
651,mokwo, o   wo  ,o,wo,m,k,,kwo
996,potwo, o   wo  ,o,wo,p,t,,two
1389,tokwo, o   wo  ,o,wo,t,k,,kwo
120,dukap, u   a  ,u,a,d,k,p,kap
444,kuda, u   a  ,u,a,k,d,,da
445,kudak, u   a  ,u,a,k,d,k,dak
446,kudar, u   a  ,u,a,k,d,r,dar
447,kudas, u   a  ,u,a,k,d,s,das
457,kuma, u   a  ,u,a,k,m,,ma
458,kuma, u   a  ,u,a,k,m,,ma
466,kupa, u   a  ,u,a,k,p,,pa
467,kupa, u   a  ,u,a,k,p,,pa
468,kupa, u   a  ,u,a,k,p,,pa
472,kura, u   a  ,u,a,k,r,,ra
473,kura, u   a  ,u,a,k,r,,ra
474,kura, u   a  ,u,a,k,r,,ra
475,kura, u   a  ,u,a,k,r,,ra
476,kura, u   a  ,u,a,k,r,,ra
477,kurap, u   a  ,u,a,k,r,p,rap
478,kuras, u   a  ,u,a,k,r,s,ras
489,kusa, u   a  ,u,a,k,s,,sa
490,kusa, u   a  ,u,a,k,s,,sa
491,kusa, u   a  ,u,a,k,s,,sa
499,kutas, u   a  ,u,a,k,t,s,tas
500,kutat, u   a  ,u,a,k,t,t,tat
674,mudak, u   a  ,u,a,m,d,k,dak
676,muka, u   a  ,u,a,m,k,,ka
677,mukap, u   a  ,u,a,m,k,p,kap
680,muma, u   a  ,u,a,m,m,,ma
681,muna, u   a  ,u,a,m,n,,na
682,muna, u   a  ,u,a,m,n,,na
684,mura, u   a  ,u,a,m,r,,ra
697,muta, u   a  ,u,a,m,t,,ta
821,nuka, u   a  ,u,a,n,k,,ka
823,numa, u   a  ,u,a,n,m,,ma
824,nuna, u   a  ,u,a,n,n,,na
826,nuras, u   a  ,u,a,n,r,s,ras
827,nuras, u   a  ,u,a,n,r,s,ras
831,nusa, u   a  ,u,a,n,s,,sa
1000,puka, u   a  ,u,a,p,k,,ka
1003,puna, u   a  ,u,a,p,n,,na
1004,puna, u   a  ,u,a,p,n,,na
1006,pupa, u   a  ,u,a,p,p,,pa
1015,pusa, u   a  ,u,a,p,s,,sa
1016,pusap, u   a  ,u,a,p,s,p,sap
1018,puta, u   a  ,u,a,p,t,,ta
1241,sudak, u   a  ,u,a,s,d,k,dak
1242,suga, u   a  ,u,a,s,g,,ga
1251,suma, u   a  ,u,a,s,m,,ma
1252,sumap, u   a  ,u,a,s,m,p,map
1256,supa, u   a  ,u,a,s,p,,pa
1257,sura, u   a  ,u,a,s,r,,ra
1258,susa, u   a  ,u,a,s,s,,sa
1421,tuda, u   a  ,u,a,t,d,,da
1424,tuga, u   a  ,u,a,t,g,,ga
1425,tugap, u   a  ,u,a,t,g,p,gap
1426,tugap, u   a  ,u,a,t,g,p,gap
1427,tugar, u   a  ,u,a,t,g,r,gar
1430,tuka, u   a  ,u,a,t,k,,ka
1431,tuka, u   a  ,u,a,t,k,,ka
1432,tukam, u   a  ,u,a,t,k,m,kam
1433,tukap, u   a  ,u,a,t,k,p,kap
1434,tukap, u   a  ,u,a,t,k,p,kap
1435,tukap, u   a  ,u,a,t,k,p,kap
1436,tukas, u   a  ,u,a,t,k,s,kas
1451,tuma, u   a  ,u,a,t,m,,ma
1452,tuma, u   a  ,u,a,t,m,,ma
1453,tuma, u   a  ,u,a,t,m,,ma
1454,tuma, u   a  ,u,a,t,m,,ma
1455,tumar, u   a  ,u,a,t,m,r,mar
1462,tuna, u   a  ,u,a,t,n,,na
1463,tunag, u   a  ,u,a,t,n,g,nag
1464,tunag, u   a  ,u,a,t,n,g,nag
1465,tunak, u   a  ,u,a,t,n,k,nak
1472,tura, u   a  ,u,a,t,r,,ra
1473,tura, u   a  ,u,a,t,r,,ra
1474,tura, u   a  ,u,a,t,r,,ra
1475,tura, u   a  ,u,a,t,r,,ra
1481,tuta, u   a  ,u,a,t,t,,ta
1482,tutap, u   a  ,u,a,t,t,p,tap
1507,ubap, u   a  ,u,a,,b,p,bap
1509,uda, u   a  ,u,a,,d,,da
1510,udak, u   a  ,u,a,,d,k,dak
1516,ukab, u   a  ,u,a,,k,b,kab
1523,uma, u   a  ,u,a,,m,,ma
1524,uma, u   a  ,u,a,,m,,ma
1525,umap, u   a  ,u,a,,m,p,map
1531,una, u   a  ,u,a,,n,,na
1532,una, u   a  ,u,a,,n,,na
1533,unag, u   a  ,u,a,,n,g,nag
1536,upa, u   a  ,u,a,,p,,pa
1539,ura, u   a  ,u,a,,r,,ra
1540,ura, u   a  ,u,a,,r,,ra
1541,ura, u   a  ,u,a,,r,,ra
1542,ura, u   a  ,u,a,,r,,ra
1545,usa, u   a  ,u,a,,s,,sa
1550,uta, u   a  ,u,a,,t,,ta
1551,uta, u   a  ,u,a,,t,,ta
1552,utak, u   a  ,u,a,,t,k,tak
1553,utap, u   a  ,u,a,,t,p,tap
1695,yura, u   a  ,u,a,y,r,,ra
1696,yura, u   a  ,u,a,y,r,,ra
1697,yura, u   a  ,u,a,y,r,,ra
1698,yurak, u   a  ,u,a,y,r,k,rak
1707,yuta, u   a  ,u,a,y,t,,ta
459,kume, u   e  ,u,e,k,m,,me
469,kupe, u   e  ,u,e,k,p,,pe
479,kure, u   e  ,u,e,k,r,,re
480,kure, u   e  ,u,e,k,r,,re
481,kure, u   e  ,u,e,k,r,,re
492,kuse, u   e  ,u,e,k,s,,se
493,kuse, u   e  ,u,e,k,s,,se
505,kuye, u   e  ,u,e,k,y,,ye
506,kuye, u   e  ,u,e,k,y,,ye
678,muke, u   e  ,u,e,m,k,,ke
683,mune, u   e  ,u,e,m,n,,ne
685,mure, u   e  ,u,e,m,r,,re
690,muse, u   e  ,u,e,m,s,,se
691,museb, u   e  ,u,e,m,s,b,seb
692,musep, u   e  ,u,e,m,s,p,sep
828,nure, u   e  ,u,e,n,r,,re
829,nure, u   e  ,u,e,n,r,,re
834,nute, u   e  ,u,e,n,t,,te
835,nuye, u   e  ,u,e,n,y,,ye
1001,puke, u   e  ,u,e,p,k,,ke
1005,pune, u   e  ,u,e,p,n,,ne
1009,pure, u   e  ,u,e,p,r,,re
1010,pure, u   e  ,u,e,p,r,,re
1017,puse, u   e  ,u,e,p,s,,se
1021,puye, u   e  ,u,e,p,y,,ye
1243,suge, u   e  ,u,e,s,g,,ge
1248,suke, u   e  ,u,e,s,k,,ke
1264,sute, u   e  ,u,e,s,t,,te
1265,suwe, u   e  ,u,e,s,w,,we
1266,suwe, u   e  ,u,e,s,w,,we
1267,suwe, u   e  ,u,e,s,w,,we
1268,suwe, u   e  ,u,e,s,w,,we
1428,tuge, u   e  ,u,e,t,g,,ge
1429,tuge, u   e  ,u,e,t,g,,ge
1437,tuke, u   e  ,u,e,t,k,,ke
1438,tuke, u   e  ,u,e,t,k,,ke
1456,tume, u   e  ,u,e,t,m,,me
1457,tume, u   e  ,u,e,t,m,,me
1458,tume, u   e  ,u,e,t,m,,me
1466,tune, u   e  ,u,e,t,n,,ne
1476,ture, u   e  ,u,e,t,r,,re
1483,tute, u   e  ,u,e,t,t,,te
1492,tuwe, u   e  ,u,e,t,w,,we
1508,ube, u   e  ,u,e,,b,,be
1517,uke, u   e  ,u,e,,k,,ke
1518,uke, u   e  ,u,e,,k,,ke
1519,uke, u   e  ,u,e,,k,,ke
1520,uke, u   e  ,u,e,,k,,ke
1521,ukep, u   e  ,u,e,,k,p,kep
1526,ume, u   e  ,u,e,,m,,me
1534,une, u   e  ,u,e,,n,,ne
1537,upe, u   e  ,u,e,,p,,pe
1543,ure, u   e  ,u,e,,r,,re
1546,use, u   e  ,u,e,,s,,se
1554,ute, u   e  ,u,e,,t,,te
1561,uwe, u   e  ,u,e,,w,,we
1562,uwe, u   e  ,u,e,,w,,we
1684,yuge, u   e  ,u,e,y,g,,ge
1688,yume, u   e  ,u,e,y,m,,me
1709,yuwe, u   e  ,u,e,y,w,,we
1710,yuwe, u   e  ,u,e,y,w,,we
441,kubi, u   i  ,u,i,k,b,,bi
442,kubi, u   i  ,u,i,k,b,,bi
448,kugi, u   i  ,u,i,k,g,,gi
449,kui, u   i  ,u,i,k,,,i
450,kuki, u   i  ,u,i,k,k,,ki
465,kuni, u   i  ,u,i,k,n,,ni
470,kupi, u   i  ,u,i,k,p,,pi
482,kuri, u   i  ,u,i,k,r,,ri
494,kusi, u   i  ,u,i,k,s,,si
495,kusi, u   i  ,u,i,k,s,,si
496,kusi, u   i  ,u,i,k,s,,si
497,kusi, u   i  ,u,i,k,s,,si
501,kuti, u   i  ,u,i,k,t,,ti
502,kuti, u   i  ,u,i,k,t,,ti
507,kuzi, u   i  ,u,i,k,z,,zi
675,mugi, u   i  ,u,i,m,g,,gi
686,muri, u   i  ,u,i,m,r,,ri
693,musi, u   i  ,u,i,m,s,,si
694,musi, u   i  ,u,i,m,s,,si
822,nuki, u   i  ,u,i,n,k,,ki
832,nusi, u   i  ,u,i,n,s,,si
999,pudi, u   i  ,u,i,p,d,,di
1002,puki, u   i  ,u,i,p,k,,ki
1011,puri, u   i  ,u,i,p,r,,ri
1019,puti, u   i  ,u,i,p,t,,ti
1023,puzi, u   i  ,u,i,p,z,,zi
1249,suki, u   i  ,u,i,s,k,,ki
1253,sumi, u   i  ,u,i,s,m,,mi
1254,sumi, u   i  ,u,i,s,m,,mi
1439,tuki, u   i  ,u,i,t,k,,ki
1459,tumi, u   i  ,u,i,t,m,,mi
1460,tumi, u   i  ,u,i,t,m,,mi
1471,tupi, u   i  ,u,i,t,p,,pi
1477,turi, u   i  ,u,i,t,r,,ri
1480,tusi, u   i  ,u,i,t,s,,si
1484,tuti, u   i  ,u,i,t,t,,ti
1485,tuti, u   i  ,u,i,t,t,,ti
1511,udi, u   i  ,u,i,,d,,di
1512,udi, u   i  ,u,i,,d,,di
1527,umi, u   i  ,u,i,,m,,mi
1528,umi, u   i  ,u,i,,m,,mi
1529,umi, u   i  ,u,i,,m,,mi
1544,uri, u   i  ,u,i,,r,,ri
1547,usi, u   i  ,u,i,,s,,si
1555,uti, u   i  ,u,i,,t,,ti
1556,uti, u   i  ,u,i,,t,,ti
1557,uti, u   i  ,u,i,,t,,ti
1558,uti, u   i  ,u,i,,t,,ti
1685,yuki, u   i  ,u,i,y,k,,ki
1686,yuki, u   i  ,u,i,y,k,,ki
1687,yuki, u   i  ,u,i,y,k,,ki
1689,yumi, u   i  ,u,i,y,m,,mi
1691,yupi, u   i  ,u,i,y,p,,pi
1699,yuri, u   i  ,u,i,y,r,,ri
1700,yuri, u   i  ,u,i,y,r,,ri
1701,yuri, u   i  ,u,i,y,r,,ri
460,kumo, u   o  ,u,o,k,m,,mo
461,kumo, u   o  ,u,o,k,m,,mo
462,kumor, u   o  ,u,o,k,m,r,mor
483,kuro, u   o  ,u,o,k,r,,ro
1007,pupo, u   o  ,u,o,p,p,,po
1420,tubo, u   o  ,u,o,t,b,,bo
1461,tumor, u   o  ,u,o,t,m,r,mor
1493,tuwo, u   o  ,u,o,t,w,,wo
1530,umo, u   o  ,u,o,,m,,mo
1535,uno, u   o  ,u,o,,n,,no
1563,uwo, u   o  ,u,o,,w,,wo
1690,yunop, u   o  ,u,o,y,n,p,nop
443,kubu, u   u  ,u,u,k,b,,bu
451,kuku, u   u  ,u,u,k,k,,ku
452,kukum, u   u  ,u,u,k,k,m,kum
453,kukur, u   u  ,u,u,k,k,r,kur
454,kukur, u   u  ,u,u,k,k,r,kur
455,kukur, u   u  ,u,u,k,k,r,kur
463,kumu, u   u  ,u,u,k,m,,mu
484,kuru, u   u  ,u,u,k,r,,ru
485,kuru, u   u  ,u,u,k,r,,ru
486,kurup, u   u  ,u,u,k,r,p,rup
503,kutu, u   u  ,u,u,k,t,,tu
504,kuu, u   u  ,u,u,k,,,u
508,kuzu, u   u  ,u,u,k,z,,zu
509,kuzu, u   u  ,u,u,k,z,,zu
695,musub, u   u  ,u,u,m,s,b,sub
696,musub, u   u  ,u,u,m,s,b,sub
698,mutu, u   u  ,u,u,m,t,,tu
699,muyu, u   u  ,u,u,m,y,,yu
830,nuru, u   u  ,u,u,n,r,,ru
833,nusum, u   u  ,u,u,n,s,m,sum
1008,pupum, u   u  ,u,u,p,p,m,pum
1012,puru, u   u  ,u,u,p,r,,ru
1013,puru, u   u  ,u,u,p,r,,ru
1014,purus, u   u  ,u,u,p,r,s,rus
1022,puyu, u   u  ,u,u,p,y,,yu
1244,sugur, u   u  ,u,u,s,g,r,gur
1245,sugus, u   u  ,u,u,s,g,s,gus
1250,sukup, u   u  ,u,u,s,k,p,kup
1259,susu, u   u  ,u,u,s,s,,su
1260,susug, u   u  ,u,u,s,s,g,sug
1261,susuk, u   u  ,u,u,s,s,k,suk
1262,susum, u   u  ,u,u,s,s,m,sum
1269,suzu, u   u  ,u,u,s,z,,zu
1422,tudu, u   u  ,u,u,t,d,,du
1440,tuku, u   u  ,u,u,t,k,,ku
1441,tuku, u   u  ,u,u,t,k,,ku
1442,tukup, u   u  ,u,u,t,k,p,kup
1443,tukur, u   u  ,u,u,t,k,r,kur
1444,tukus, u   u  ,u,u,t,k,s,kus
1478,turu, u   u  ,u,u,t,r,,ru
1479,turu, u   u  ,u,u,t,r,,ru
1486,tutuk, u   u  ,u,u,t,t,k,tuk
1487,tutuk, u   u  ,u,u,t,t,k,tuk
1488,tutum, u   u  ,u,u,t,t,m,tum
1489,tutum, u   u  ,u,u,t,t,m,tum
1494,tuyu, u   u  ,u,u,t,y,,yu
1513,udu, u   u  ,u,u,,d,,du
1514,udu, u   u  ,u,u,,d,,du
1548,usu, u   u  ,u,u,,s,,su
1549,usu, u   u  ,u,u,,s,,su
1559,utur, u   u  ,u,u,,t,r,tur
1560,utus, u   u  ,u,u,,t,s,tus
1564,uzu, u   u  ,u,u,,z,,zu
1683,yudur, u   u  ,u,u,y,d,r,dur
1692,yupu, u   u  ,u,u,y,p,,pu
1693,yupu, u   u  ,u,u,y,p,,pu
1694,yupu, u   u  ,u,u,y,p,,pu
1702,yuru, u   u  ,u,u,y,r,,ru
1703,yurup, u   u  ,u,u,y,r,p,rup
1704,yurus, u   u  ,u,u,y,r,s,rus
1705,yusup, u   u  ,u,u,y,s,p,sup
1706,yusur, u   u  ,u,u,y,s,r,sur
1708,yutur, u   u  ,u,u,y,t,r,tur
456,kukwi, u   wi  ,u,wi,k,k,,kwi
1246,sugwi, u   wi  ,u,wi,s,g,,gwi
1445,tukwi, u   wi  ,u,wi,t,k,,kwi
1446,tukwi, u   wi  ,u,wi,t,k,,kwi
1447,tukwi, u   wi  ,u,wi,t,k,,kwi
1448,tukwi, u   wi  ,u,wi,t,k,,kwi
1449,tukwi, u   wi  ,u,wi,t,k,,kwi
1450,tukwi, u   wi  ,u,wi,t,k,,kwi
464,kumwo, u   wo  ,u,wo,k,m,,mwo
487,kurwo, u   wo  ,u,wo,k,r,,rwo
488,kurwo, u   wo  ,u,wo,k,r,,rwo
498,kuswo, u   wo  ,u,wo,k,s,,swo
679,mukwo, u   wo  ,u,wo,m,k,,kwo
687,murwo, u   wo  ,u,wo,m,r,,rwo
688,murwo, u   wo  ,u,wo,m,r,,rwo
689,murwo, u   wo  ,u,wo,m,r,,rwo
825,nunwo, u   wo  ,u,wo,n,n,,nwo
1020,putwo, u   wo  ,u,wo,p,t,,two
1247,sugwos, u   wo  ,u,wo,s,g,s,gwos
1263,suswo, u   wo  ,u,wo,s,s,,swo
1423,tudwop, u   wo  ,u,wo,t,d,p,dwop
1467,tunwo, u   wo  ,u,wo,t,n,,nwo
1468,tunwo, u   wo  ,u,wo,t,n,,nwo
1469,tunwo, u   wo  ,u,wo,t,n,,nwo
1470,tunwo, u   wo  ,u,wo,t,n,,nwo
1490,tutwo, u   wo  ,u,wo,t,t,,two
1491,tutwo, u   wo  ,u,wo,t,t,,two
1515,ugwok, u   wo  ,u,wo,,g,k,gwok
1522,ukwo, u   wo  ,u,wo,,k,,kwo
471,kupye, u   ye  ,u,ye,k,p,,pye
1240,subye, u   ye  ,u,ye,s,b,,bye
1255,sumye, u   ye  ,u,ye,s,m,,mye
1538,upye, u   ye  ,u,ye,,p,,pye
135,gwirap, wi   a  ,wi,a,g,r,p,rap
512,kwirap, wi   a  ,wi,a,k,r,p,rap
513,kwiras, wi   a  ,wi,a,k,r,s,ras
700,mwina, wi   a  ,wi,a,m,n,,na
1024,pwida, wi   a  ,wi,a,p,d,,da
1026,pwiwe, wi   e  ,wi,e,p,w,,we
511,kwidi, wi   i  ,wi,i,k,d,,di
514,kwiri, wi   i  ,wi,i,k,r,,ri
515,kwisi, wi   i  ,wi,i,k,s,,si
1025,pwimo, wi   o  ,wi,o,p,m,,mo
516,kwoba, wo   a  ,wo,a,k,b,,ba
518,kwoma, wo   a  ,wo,a,k,m,,ma
519,kwona, wo   a  ,wo,a,k,n,,na
1270,swobap, wo   a  ,wo,a,s,b,p,bap
1272,swoga, wo   a  ,wo,a,s,g,,ga
1274,swoma, wo   a  ,wo,a,s,m,,ma
1275,swonap, wo   a  ,wo,a,s,n,p,nap
1278,swora, wo   a  ,wo,a,s,r,,ra
1495,twoga, wo   a  ,wo,a,t,g,,ga
1501,twora, wo   a  ,wo,a,t,r,,ra
1502,twora, wo   a  ,wo,a,t,r,,ra
1504,twosa, wo   a  ,wo,a,t,s,,sa
1711,ywobap, wo   a  ,wo,a,y,b,p,bap
1712,ywodat, wo   a  ,wo,a,y,d,t,dat
1715,ywora, wo   a  ,wo,a,y,r,,ra
1719,ywowa, wo   a  ,wo,a,y,w,,wa
528,kwoye, wo   e  ,wo,e,k,y,,ye
529,kwoye, wo   e  ,wo,e,k,y,,ye
704,mwoye, wo   e  ,wo,e,m,y,,ye
1271,swode, wo   e  ,wo,e,s,d,,de
1276,swope, wo   e  ,wo,e,s,p,,pe
1279,swote, wo   e  ,wo,e,s,t,,te
1496,twoke, wo   e  ,wo,e,t,k,,ke
1498,twone, wo   e  ,wo,e,t,n,,ne
121,dwoti, wo   i  ,wo,i,d,t,,ti
136,gwosi, wo   i  ,wo,i,g,s,,si
520,kwopi, wo   i  ,wo,i,k,p,,pi
521,kwopi, wo   i  ,wo,i,k,p,,pi
525,kwosi, wo   i  ,wo,i,k,s,,si
526,kwosi, wo   i  ,wo,i,k,s,,si
838,nwozi, wo   i  ,wo,i,n,z,,zi
1273,swogi, wo   i  ,wo,i,s,g,,gi
1277,swopi, wo   i  ,wo,i,s,p,,pi
1497,twomi, wo   i  ,wo,i,t,m,,mi
1499,twoni, wo   i  ,wo,i,t,n,,ni
1500,twopi, wo   i  ,wo,i,t,p,,pi
1506,twozi, wo   i  ,wo,i,t,z,,zi
1713,ywomi, wo   i  ,wo,i,y,m,,mi
1714,ywopi, wo   i  ,wo,i,y,p,,pi
1716,ywori, wo   i  ,wo,i,y,r,,ri
527,kwoso, wo   o  ,wo,o,k,s,,so
1503,tworo, wo   o  ,wo,o,t,r,,ro
1717,yworo, wo   o  ,wo,o,y,r,,ro
522,kwopu, wo   u  ,wo,u,k,p,,pu
1505,twotu, wo   u  ,wo,u,t,t,,tu
1718,yworu, wo   u  ,wo,u,y,r,,ru
517,kwobwi, wo   wi  ,wo,wi,k,b,,bwi
523,kwopwi, wo   wi  ,wo,wi,k,p,,pwi
524,kwopwi, wo   wi  ,wo,wi,k,p,,pwi
701,mwokwo, wo   wo  ,wo,wo,m,k,,kwo
702,mwomwo, wo   wo  ,wo,wo,m,m,,mwo
703,mwomwo, wo   wo  ,wo,wo,m,m,,mwo
1605,wodwo, wo   wo  ,wo,wo,,d,,dwo
1614,wonwo, wo   wo  ,wo,wo,,n,,nwo
1615,wonwo, wo   wo  ,wo,wo,,n,,nwo
836,nwobye, wo   ye  ,wo,ye,n,b,,bye
837,nwopye, wo   ye  ,wo,ye,n,p,,pye
533,kyesa, ye   a  ,ye,a,k,s,,sa
536,kyeya, ye   a  ,ye,a,k,y,,ya
1027,pyedas, ye   a  ,ye,a,p,d,s,das
1028,pyedat, ye   a  ,ye,a,p,d,t,dat
1029,pyenar, ye   a  ,ye,a,p,n,r,nar
1030,pyeta, ye   a  ,ye,a,p,t,,ta
530,kyeni, ye   i  ,ye,i,k,n,,ni
534,kyesi, ye   i  ,ye,i,k,s,,si
705,myepi, ye   i  ,ye,i,m,p,,pi
532,kyepu, ye   u  ,ye,u,k,p,,pu
535,kyetu, ye   u  ,ye,u,k,t,,tu
531,kyenwo, ye   wo  ,ye,wo,k,n,,nwo