idx,disyllable,id,V1,V2,count
1,isi,l051130,i,i,31
2,ame,l050001a,a,e,226
6,papa,l051720,a,a,82
8,moro,l007011,o,o,11
10,kore,l042031,o,e,15
12,noti,l004087,o,i,86
13,mata,l004022,a,a,72
14,atu,l007041,a,u,6
16,otor,l030360a,o,o,1
17,opo,l007009b,o,o,57
19,saka,l090152,a,a,2
20,tune,l004004,u,e,85
21,mara,l004072b,a,a,1
22,ima,l004025,i,a,198
23,nusi,l050024,u,i,9
25,goto,l007004a,o,o,90
26,kata,l050111,a,a,24
27,tumi,l090401,u,i,2
30,nori,l090272,o,i,2
31,pemi,l051744,e,i,1
33,woba,l000536,wo,a,36
36,sodar,l030969a,o,a,1
37,mare,l004072a,a,e,1
38,goto,l007004b,o,o,53
39,sini,l030883b,i,i,4
42,odu,l030357a,o,u,1
43,weri,l031936a,e,i,2
44,ika,l042002,i,a,85
46,saki,l050116,a,i,13
47,tada,l004003b,a,a,52
54,wome,l080131,wo,e,2
55,simo,l051946,i,o,67
56,oto,l080001,o,o,4
57,pimye,l050137,i,ye,9
60,sida,l051925,i,a,10
64,kaze,l050008a,a,e,198
65,soki,l030962a,o,i,4
70,ama,l050001b,a,a,279
73,kura,l090111,u,a,3
78,take,l090316,a,e,13
81,satu,l051899,a,u,12
88,situ,l080358,i,u,1
91,wepi,l031930a,e,i,7
92,aze,l090477,a,e,2
93,matu,l050158,a,u,95
94,yupu,l080043,u,u,31
95,miyu,l000513,i,u,35
96,sima,l050078,i,a,155
98,tomi,l080124,o,i,5
103,gomwi,l030741a,o,wi,1
104,murwo,l051544,u,wo,12
105,sapa,l004032b,a,a,29
106,kume,l051335,u,e,13
107,kubu,l051324,u,u,4
108,siro,l051970,i,o,4
109,miya,l050018,i,a,162
110,yupu,l050087,u,u,158
117,tukwi,l052522a,u,wi,10
118,potu,l051816,o,u,12
120,naka,l050069,a,a,107
121,sidu,l080147,i,u,13
122,pina,l050089,i,a,34
123,ura,l050022b,u,a,10
125,midu,l080205,i,u,13
126,uki,l090801,u,i,1
128,iti,l051137,i,i,6
131,toyo,l004134,o,o,13
132,siki,l030850b,i,i,33
133,pire,l051779,i,e,21
134,mana,l051405,a,a,4
136,nipa,l051615,i,a,47
138,saka,l050073b,a,a,15
139,rasi,l000806,a,i,190
140,omi,l051665,o,i,9
143,ita,l051136,i,a,11
144,ase,l080054,a,e,4
145,woto,l042085b,wo,o,5
146,sumi,l090257,u,i,2
147,yura,l007220,u,a,2
148,siba,l051919,i,a,20
149,sipo,l050170,i,o,84
150,wori,l031960b,wo,i,3
151,sibi,l051920,i,i,9
152,kire,l030609a,i,e,1
153,moto,l002035,o,o,6
154,moto,l051520,o,o,71
155,ura,l050109,u,a,38
157,nute,l051648,u,e,2
158,asu,l050864,a,u,53
161,kamu,l050005b,a,u,82
162,ise,l051129,i,e,15
164,tata,l052109b,a,a,3
166,kapi,l030510b,a,i,4
167,tomo,l050968,o,o,35
168,suke,l030925a,u,e,2
170,domo,l001002,o,o,35
171,tare,l042001,a,e,55
173,nado,l042078a,a,o,4
174,asi,l052471,a,i,59
175,suga,l050010b,u,a,41
176,saya,l004030,a,a,1
177,kwosi,l052562,wo,i,20
178,ari,l000026,a,i,44
181,nuye,l050179,u,ye,8
182,kakye,l051184,a,ye,8
183,uti,l000043,u,i,99
184,yame,l031819a,a,e,4
185,sawi,l051903,a,wi,5
186,piru,l051781,i,u,26
187,towi,l032070a,o,wi,4
188,ono,l042074,o,o,32
189,sise,l030861a,i,e,3
191,mapye,l050052,a,ye,13
192,sapa,l050062,a,a,12
193,bari,l031456b,a,i,4
194,iku,l042091,i,u,20
195,towo,l002010,o,wo,2
196,kagu,l060024,a,u,15
197,kama,l090083,a,a,2
198,kubi,l090115,u,i,1
199,are,l042083,a,e,52
200,suswo,l050079,u,wo,37
203,tosi,l050124,o,i,161
204,ube,l004029a,u,e,31
205,wotu,l052369,wo,u,1
207,kinu,l051269,i,u,9
208,awa,l052555,a,a,19
210,mune,l050131a,u,e,15
211,sasi,l090176,a,i,19
212,mwomwo,l051555,wo,wo,2
213,mata,l007227,a,a,5
216,kasi,l090022,a,i,11
217,uzu,l052297,u,u,5
219,ina,l090045b,i,a,4
222,kosi,l051308,o,i,17
225,iza,l051153,i,a,33
226,agi,l080025,a,i,3
228,kami,l052531,a,i,2
229,poki,l031580b,o,i,4
231,asa,l030037a,a,a,3
232,sasa,l090170,a,a,4
234,kyesi,l030678b,ye,i,5
235,muna,l050131b,u,a,10
238,swoni,l051992,wo,i,1
239,siru,l051971,i,u,1
240,sime,l030904b,i,e,1
241,mura,l004060,u,a,34
242,pike,l031476a,i,e,2
243,una,l050106,u,a,1
247,usu,l052559,u,u,8
248,uta,l080159,u,a,2
249,kadu,l051164,a,u,3
252,twoki,l031198a,wo,i,1
254,nami,l031304b,a,i,13
255,sipi,l090229,i,i,5
256,pisi,l051785,i,i,4
257,wani,l052312,a,i,1
258,patu,l051736,a,u,29
259,pada,l051696,a,a,12
260,pani,l051717,a,i,2
262,kabu,l051159,a,u,1
263,ate,l030050a,a,e,1
264,maywo,l051436,a,wo,12
265,gaki,l030440b,a,i,4
267,kaku,l042020,a,u,187
269,ike,l080321,i,e,37
271,uti,l030267b,u,i,3
272,woko,l052342,wo,o,1
275,puyu,l090791,u,u,1
276,puyu,l051846,u,u,33
277,maro,l004263,a,o,2
278,kaki,l000031,a,i,22
279,aya,l050881,a,a,6
280,taku,l052070,a,u,8
281,udi,l052236,u,i,22
282,sawo,l051904,a,wo,9
285,soko,l042043,o,o,35
286,koko,l042032,o,o,51
288,kibwi,l051263,i,wi,4
289,tomo,l004008,o,o,16
290,nisi,l051623,i,i,7
291,nara,l092001,a,a,59
293,pasi,l007141,a,i,16
294,tana,l004058,a,a,4
296,ana,l050809,a,a,3
298,dani,l000502,a,i,101
299,kupa,l051339,u,a,4
300,yata,l052397,a,a,3
301,suge,l050010a,u,e,39
302,tane,l052091,a,e,6
303,gane,l090555,a,e,2
306,aka,l007016,a,a,56
307,sira,l007006a,i,a,220
308,uti,l052547,u,i,50
309,aso,l042090,a,o,7
310,mitu,l032048a,i,u,12
312,tupi,l004139,u,i,11
313,sipo,l050171,i,o,21
315,piku,l031475a,i,u,3
316,yura,l090167,u,a,5
317,pure,l032079a,u,e,2
318,nadu,l051562,a,u,2
320,saka,l090151,a,a,3
322,naki,l031267b,a,i,4
323,kozo,l090138,o,o,2
324,yasu,l007002,a,u,59
325,sasa,l051893,a,a,7
326,kayu,l030534a,a,u,1
328,kari,l030545b,a,i,10
329,kana,l051198b,a,a,9
330,kage,l050011a,a,e,72
331,suzu,l052037,u,u,10
332,satwo,l050051,a,wo,117
333,yume,l004011a,u,e,37
334,karu,l051229,a,u,11
335,ita,l090049,i,a,14
336,pasa,l051726,a,a,2
337,patwo,l051738,a,wo,2
338,tadu,l052059,a,u,50
339,puna,l050007b,u,a,66
340,natu,l051598,a,u,47
341,kaki,l052540,a,i,1
343,tadu,l080133,a,u,3
345,sadam,l030813a,a,a,1
346,tuku,l052522b,u,u,2
347,uda,l052235,u,a,5
348,sigi,l051934,i,i,5
349,wana,l052311,a,a,3
350,soba,l051983,o,a,2
351,ee,l050997,e,e,1
352,aa,l050765,a,a,2
356,kumi,l030653b,u,i,5
357,kumi,l030654a,u,i,2
358,tasi,l052107,a,i,1
359,itu,l090023a,i,u,4
360,kupe,l051340,u,e,1
361,iri,l030219a,i,i,16
362,sisi,l090209,i,i,34
363,tape,l052528,a,e,117
366,amu,l050808,a,u,6
368,nige,l031324a,i,e,2
369,ari,l080267,a,i,2
370,pari,l050178,a,i,16
371,yeda,l052402,ye,a,29
372,woka,l052341,wo,a,48
373,suki,l030921b,u,i,1
374,suki,l030921a,u,i,1
375,sekwo,l050285,e,wo,120
378,soko,l051985,o,o,30
380,ura,l050108,u,a,164
381,sika,l042047,i,a,24
384,saya,l090188a,a,a,11
385,paru,l051724,a,u,250
387,aki,l050032,a,i,302
388,uma,l007021,u,a,23
389,miwa,l051490,i,a,17
390,made,l000512a,a,e,77
391,peswo,l051745,e,wo,1
395,niku,l007003,i,u,9
397,womi,l052345,wo,i,2
398,ama,l050163,a,a,72
399,wosi,l007229,wo,i,95
400,mine,l051470,i,e,24
401,are,l030137a,a,e,6
403,sama,l090187,a,a,11
404,tono,l050125,o,o,32
405,sikwi,l051941,i,wi,27
406,pazu,l051743,a,u,5
408,siga,l051930,i,a,12
410,wada,l052299,a,a,5
411,pira,l090269,i,a,4
412,puru,l007151,u,u,27
413,muke,l031725b,u,e,8
415,putwo,l007018,u,wo,13
418,namye,l090450,a,ye,3
419,tukwi,l052521,u,wi,6
420,sade,l051860,a,e,5
421,uti,l090040,u,i,2
423,ami,l060177,a,i,3
424,oku,l051660,o,u,36
426,sape,l030825b,a,e,3
427,akwi,l050804,a,wi,2
430,kake,l030443b,a,e,2
431,tami,l090360,a,i,3
432,kose,l051307,o,e,8
433,pumi,l090790,u,i,1
434,kame,l051189,a,e,2
435,une,l080341,u,e,1
436,tate,l090321a,a,e,3
437,tura,l090405,u,a,4
438,are,l090041,a,e,1
440,samu,l007159,a,u,61
443,wata,l052322,a,a,17
444,nusa,l051646,u,a,18
445,mitu,l051485,i,u,21
446,kwisi,l051372,wi,i,23
449,pata,l004024a,a,a,6
451,tomo,l080050,o,o,1
452,sumye,l052027,u,ye,7
453,tabi,l050050,a,i,25
454,poko,l051802,o,o,42
455,sapo,l051890,a,o,36
456,kori,l030751a,o,i,1
457,mane,l007231,a,e,20
458,itu,l042014,i,u,91
461,sugwi,l090693,u,wi,12
462,kyesa,l051389,ye,a,12
463,kata,l090031,a,a,68
464,ure,l050022a,u,e,22
465,ume,l052251,u,e,121
469,nare,l042056,a,e,12
470,tika,l007017,i,a,56
471,muta,l051550,u,a,17
472,wegu,l052332,e,u,2
473,pane,l050127,a,e,4
474,gare,l030548b,a,e,1
477,maywo,l090133,a,wo,6
478,sime,l090177,i,e,30
479,posi,l007237,o,i,33
480,taka,l060094,a,a,3
481,buki,l050929,u,i,17
482,noto,l051635,o,o,4
483,kozo,l051321,o,o,8
484,pisa,l090096,i,a,2
485,same,l050001c,a,e,29
486,apo,l050822,a,o,1
487,pasi,l080027,a,i,5
489,dwoti,l050971,wo,i,17
490,nobe,l031383a,o,e,3
491,puri,l031563a,u,i,17
492,mwina,l042080,wi,a,20
493,sakwi,l030782b,a,wi,1
494,momo,l051504,o,o,6
496,madu,l051393,a,u,8
497,mozu,l051522,o,u,2
499,siba,l007013,i,a,11
500,sono,l051993,o,o,22
501,pudi,l051820,u,i,29
504,subye,l051999,u,ye,113
505,siba,l080039,i,a,1
507,puru,l092023,u,u,12
510,sore,l042042,o,e,9
511,tumi,l090402,u,i,3
513,kara,l000508a,a,a,15
514,yamwi,l052387,a,wi,18
515,siko,l051938,i,o,12
516,bare,l031458b,a,e,1
517,napo,l004021,a,o,30
518,moda,l051501,o,a,9
519,sima,l080038,i,a,11
520,yoso,l052428,o,o,41
521,iro,l050105,i,o,78
522,tuyu,l052223,u,u,122
523,yasu,l052392,a,u,7
525,pikwo,l080298,i,wo,18
526,posi,l052545,o,i,21
527,tudu,l052180,u,u,4
528,pagwi,l050149,a,wi,142
529,woti,l042085a,wo,i,19
530,kadi,l051162,a,i,68
532,obi,l030375b,o,i,19
534,aka,l090447,a,a,2
535,yosi,l004168,o,i,26
536,tose,l052164,o,e,38
538,sari,l030841b,a,i,1
539,kai,l051176,a,i,7
540,tiri,l031111b,i,i,6
541,tada,l004003a,a,a,38
542,mane,l090097,a,e,1
543,yura,l004153b,u,a,3
544,ape,l030073a,a,e,19
547,sopo,l051994,o,o,5
549,sizi,l004033,i,i,26
550,soyo,l004118b,o,o,3
551,koma,l051292,o,a,10
552,toki,l031199b,o,i,6
554,sika,l050071,i,a,54
555,ada,l050773,a,a,3
556,wasa,l052316,a,a,5
557,api,l030071b,a,i,7
558,wase,l052319,a,e,3
559,kyeni,l004070,ye,i,26
560,koti,l050058,o,i,2
561,ake,l030022b,a,e,9
562,baka,l050899,a,a,3
563,wogwi,l052340,wo,wi,4
565,tutwo,l004141,u,wo,2
566,simi,l030903b,i,i,3
567,yanwo,l080063,a,wo,1
568,nasi,l080225,a,i,3
569,kukwi,l051331a,u,wi,5
570,kara,l051219,a,a,33
571,aga,l050789,a,a,2
572,gari,l001011,a,i,16
573,kura,l051342,u,a,6
574,maswo,l000064,a,wo,36
575,pide,l031489a,i,e,2
576,saki,l030778b,a,i,3
578,kare,l042019,a,e,3
580,pari,l031456a,a,i,3
581,ine,l090045a,i,e,4
582,sate,l042045,a,e,1
583,maki,l031618b,a,i,11
584,muki,l031724b,u,i,3
585,yori,l031887b,o,i,3
586,ture,l052208,u,e,12
587,yosi,l052527,o,i,56
589,kapwi,l051215,a,wi,3
590,busi,l031528b,u,i,1
592,awi,l050879,a,wi,4
593,pisa,l004102,i,a,20
594,mama,l051403,a,a,10
595,sana,l080012b,a,a,9
596,ana,l090051a,a,a,8
598,napa,l051590,a,a,15
599,koto,l090140,o,o,7
601,yupu,l080045,u,u,2
604,murwo,l051543,u,wo,2
605,kabe,l051158,a,e,2
607,iki,l090046,i,i,19
608,oya,l050136,o,a,23
609,moru,l031791a,o,u,1
610,kuse,l051357,u,e,4
611,waku,l007210,a,u,10
612,yokwi,l031862b,o,wi,1
613,yuta,l004051,u,a,5
614,kui,l030659b,u,i,3
615,kyesi,l007082,ye,i,4
616,ide,l080003,i,e,7
617,yuwe,l052452,u,e,19
618,kuse,l080167,u,e,1
619,saka,l090155,a,a,1
620,ura,l052488,u,a,18
622,pana,l050084,a,a,10
623,siki,l030852b,i,i,4
625,sara,l004027,a,a,12
626,muke,l031725a,u,e,13
627,tuma,l050122b,u,a,7
629,saka,l007014a,a,a,3
631,kazu,l050057,a,u,10
632,poka,l051801,o,a,5
635,koto,l090139,o,o,4
638,yuri,l004155,u,i,6
640,noki,l090561,o,i,1
641,piye,l051795,i,ye,2
642,sane,l080012a,a,e,3
643,tinu,l052134,i,u,8
644,wosi,l052524,wo,i,5
645,potwo,l051818,o,wo,8
646,koma,l090142,o,a,2
647,nuka,l050081,u,a,5
649,paya,l051739,a,a,3
650,tuge,l090105,u,e,6
653,puti,l051843,u,i,13
655,moro,l051512,o,o,10
656,koke,l051288,o,e,11
657,kipe,l050470,i,e,3
658,taka,l050013b,a,a,6
659,ami,l050065,a,i,9
660,waki,l031902b,a,i,4
661,kuti,l030635a,u,i,1
662,ina,l004063,i,a,12
664,tuto,l090535,u,o,1
666,kori,l030754a,o,i,3
667,sada,l090181,a,a,1
668,mimi,l051455,i,i,4
669,tapa,l052093,a,a,9
670,asi,l007224,a,i,9
671,sika,l090202,i,a,17
672,sipo,l090232,i,o,2
673,some,l030982b,o,e,4
674,situ,l051975,i,u,8
675,ori,l030411b,o,i,1
676,suwe,l090259,u,e,2
679,keta,l051261,e,a,1
680,soma,l051990,o,a,1
681,uke,l030239b,u,e,1
682,pida,l051747,i,a,2
683,sumi,l090256,u,i,5
684,swogi,l052045,wo,i,1
685,todo,l050736,o,o,2
687,madwo,l051394,a,wo,1
689,kori,l030751b,o,i,1
690,puzi,l051847,u,i,16
691,kuma,l090110,u,a,1
693,yana,l052388,a,a,3
694,wina,l090047,wi,a,7
695,toyo,l090464,o,o,2
696,tokwo,l052153,o,wo,2
697,isa,l051123,i,a,2
698,wide,l050748,wi,e,4
699,usu,l004143,u,u,7
700,sada,l090180,a,a,7
701,sada,l051859,a,a,2
702,kara,l007075,a,a,7
703,napa,l090309,a,a,3
704,iri,l030219b,i,i,5
705,wake,l042089,a,e,11
706,nori,l031390b,o,i,2
707,abe,l060016,a,e,1
708,adi,l050142,a,i,8
709,susa,l052034,u,a,2
710,nebu,l050175,e,u,3
711,tade,l052055,a,e,3
712,nikwo,l004081,i,wo,5
714,manwo,l051408,a,wo,9
716,nori,l090311,o,i,5
718,kayu,l007080,a,u,1
719,saki,l080376,a,i,2
720,tuke,l031138a,u,e,1
721,mizo,l051499,i,o,1
723,oso,l004092,o,o,6
724,miwo,l050130,i,wo,16
725,namo,l000518,a,o,1
726,sato,l007160,a,o,1
727,namye,l007124,a,ye,2
730,tukwi,l090387,u,wi,1
731,pari,l090710,a,i,6
732,kara,l090088,a,a,19
733,koro,l090145,o,o,1
735,umu,l030294a,u,u,1
736,age,l090050,a,e,1
737,nari,l031317b,a,i,1
738,moti,l031761b,o,i,2
739,yodo,l052405,o,o,13
741,pyeta,l051853,ye,a,1
742,aza,l050889,a,a,1
743,nara,l051592,a,a,2
744,tipu,l052136,i,u,2
745,seba,l007164,e,a,4
746,tute,l031149a,u,e,6
747,sane,l004045,a,e,9
748,swoga,l052044,wo,a,4
749,pwida,l051848,wi,a,2
751,mugi,l051524,u,i,3
752,nora,l031392a,o,a,3
753,papi,l090669,a,i,2
755,mino,l051471,i,o,1
756,kiku,l051264,i,u,4
757,abe,l050769,a,e,4
758,gwoye,l030747b,wo,ye,1
759,murwo,l080289,u,wo,1
760,waka,l052304,a,a,5
762,tayu,l007191,a,u,1
763,kepi,l051259,e,i,3
764,tagwo,l052065,a,wo,5
765,pusa,l042081,u,a,5
766,tame,l031082a,a,e,1
767,miwa,l050098,i,a,2
768,twotu,l052167,wo,u,2
769,wono,l052349,wo,o,3
770,nipu,l051621,i,u,5
772,saya,l090188b,a,a,1
773,isi,l090054,i,i,2
774,moti,l080296,o,i,2
775,pime,l080295,i,e,2
776,saya,l090189,a,a,3
777,minwo,l051474,i,wo,4
778,kita,l051275,i,a,2
780,nagi,l090490,a,i,30
781,agwo,l050791,a,wo,6
782,ywomi,l052455,wo,i,1
783,nuna,l080278,u,a,1
784,siki,l030851b,i,i,3
785,ayu,l060020,a,u,1
786,yare,l031824b,a,e,1
787,pisi,l090451,i,i,1
788,saka,l090156,a,a,3
789,ime,l090056,i,e,4
790,inu,l051103,i,u,4
791,tari,l031094b,a,i,3
792,saye,l030839a,a,ye,1
793,kata,l090029,a,a,7
795,tuta,l052216,u,a,7
796,yuki,l031840b,u,i,18
797,pita,l051787,i,a,6
798,mina,l080060,i,a,6
799,wata,l080006,a,a,6
800,nuri,l031353b,u,i,9
801,ake,l080259,a,e,2
802,miru,l051478,i,u,8
803,mata,l090374,a,a,3
804,yuki,l050756,u,i,7
806,yoti,l052431,o,i,7
807,tuma,l050121,u,a,2
808,imo,l060038,i,o,5
810,sanwo,l051883,a,wo,1
811,oki,l052519,o,i,2
812,woti,l092007,wo,i,7
813,moti,l051518,o,i,8
814,sasi,l030805b,a,i,2
815,asa,l052495,a,a,15
816,pagwi,l050149b,a,wi,1
818,muka,l004159,u,a,13
819,ayu,l050885,a,u,20
820,yare,l031824a,a,e,4
822,kako,l051182,a,o,1
823,oba,l030375a,o,a,8
824,toba,l052140,o,a,3
825,wata,l080007,a,a,3
826,yoba,l030408a,o,a,1
827,idu,l090059,i,u,4
829,apa,l004056,a,a,6
830,napo,l080313,a,o,5
831,kuye,l030660b,u,ye,1
832,twopi,l080086,wo,i,1
833,aze,l050891,a,e,8
834,bape,l031435b,a,e,1
835,tama,l092049,a,a,11
836,kata,l050112,a,a,3
837,guki,l090102,u,i,1
840,nipe,l031333a,i,e,1
841,kaka,l050110,a,a,1
842,wasi,l052320,a,i,4
843,toga,l052143,o,a,1
844,tegwo,l090136,e,wo,5
845,bane,l050903,a,e,1
848,aswo,l050867,a,wo,3
849,maswo,l050568,a,wo,2
850,wodwo,l052337,wo,wo,1
852,twora,l052230,wo,a,2
853,swopi,l030975b,wo,i,5
854,ani,l004012,a,i,6
855,twone,l090457,wo,e,1
856,nwozi,l051652,wo,i,1
857,nagwi,l090129,a,wi,5
858,tworo,l052231,wo,o,1
859,sanwo,l090184,a,wo,3
860,sida,l090812,i,a,1
861,kakye,l090234,a,ye,2
862,sera,l032058a,e,a,1
863,ywobi,l031880b,wo,i,3
864,kuku,l051331b,u,u,1
865,mira,l051477,i,a,1
866,anwo,l050812,a,wo,2
867,wona,l052348,wo,a,1
868,pizi,l051797,i,i,1
869,zukye,l030925b,u,ye,1
870,myeri,l000803,ye,i,1
871,opwi,l030374b,o,wi,2
872,piza,l051796,i,a,4
873,tori,l092058,o,i,1
874,mana,l080119,a,a,1
875,wanu,l080291,a,u,4
876,kwona,l051379,wo,a,1
878,ywora,l052457,wo,a,1
879,yade,l052379,a,e,1
880,kwoba,l051374,wo,a,1
881,apa,l090279,a,a,4
883,kora,l030753a,o,a,1
884,woso,l052359,wo,o,1
885,toya,l052169,o,a,1
886,kupye,l051341,u,ye,1
887,azu,l050897,a,u,2
888,iki,l030146b,i,i,3
889,turu,l090392,u,u,1
890,nigor,l031328a,i,o,3
891,kotu,l090118,o,u,1
892,idu,l042004,i,u,1
894,pira,l051776,i,a,3
895,ura,l080422,u,a,1
896,koga,l090008,o,a,2
897,koso,l051310,o,o,1
899,puku,l090768,u,u,1
900,kage,l080201,a,e,2
901,mukwo,l051534,u,wo,8
902,tuma,l090399,u,a,5
903,semi,l051913,e,i,1
904,kakwo,l050284,a,wo,7
905,nare,l031319b,a,e,3
906,kasi,l090024,a,i,3
907,kada,l051161,a,a,1
908,udu,l052238,u,u,1
909,uwo,l052296,u,wo,2
910,noko,l051628,o,o,2
911,kaya,l090086,a,a,1
912,yuki,l092002,u,i,2
913,tiri,l090375,i,i,1
914,pidi,l051749,i,i,1
915,mote,l031762a,o,e,2
916,seki,l030956b,e,i,11
917,pada,l080163,a,a,2
918,kwaso,l051367,a,o,1
919,kubi,l051323,u,i,3
921,nami,l031304a,a,i,3
922,pete,l031513a,e,e,1
923,pono,l007148,o,o,1
924,uta,l052279,u,a,4
925,padi,l031422b,a,i,3
926,aki,l052510,a,i,2
927,ipi,l052511,i,i,9
928,kapi,l090015,a,i,1
929,daye,l031090b,a,ye,1
930,pitu,l051791,i,u,1
931,kagi,l030445b,a,i,2
932,tunwo,l090394,u,wo,1
934,nabe,l050447,a,e,1
935,umo,l052253,u,o,1
936,saye,l090149,a,ye,1
937,kori,l090144,o,i,1
939,tapu,l052095,a,u,1
940,kuswo,l051363,u,wo,3
942,tapi,l050168,a,i,2
943,maro,l080172,a,o,2
944,mapi,l052484,a,i,7
945,sagi,l051863,a,i,1
946,mare,l031670a,a,e,1
947,twozi,l052233,wo,i,8
948,twora,l090467,wo,a,4
949,kimi,l050061,i,i,1
950,pige,l051751,i,e,4
951,kwobwi,l030733a,wo,wi,1
952,usi,l052271,u,i,3
953,kasa,l090019,a,a,1
954,piwo,l051794,i,wo,1
955,gakwi,l051003,a,wi,3
956,waki,l050135,a,i,5
957,gurwo,l051049,u,wo,2
958,kose,l060078,o,e,1
959,pazi,l051741,a,i,1
960,sori,l030985a,o,i,1
961,wosa,l052356,wo,a,2
962,yase,l031799b,a,e,1
963,tume,l031180a,u,e,1
964,kuu,l051366,u,u,1
965,nari,l031318b,a,i,3
966,yara,l052391,a,a,2
967,setwo,l050651,e,wo,1
968,mori,l031790a,o,i,1
969,kape,l080195,a,e,1
970,nuru,l007129,u,u,1
971,kyeya,l004071,ye,a,1
972,yara,l080061,a,a,1
973,wasi,l080005,a,i,4
974,momi,l031781a,o,i,1
976,sige,l007167a,i,e,4
977,kapa,l052565,a,a,5
978,tunwo,l050143,u,wo,3
979,ike,l030147a,i,e,1
981,pime,l051760,i,e,1
982,tubo,l052176,u,o,2
983,tume,l050122a,u,e,3
984,pakwo,l051705,a,wo,5
985,sisi,l051973,i,i,3
986,mige,l080202,i,e,1
987,puye,l051845,u,ye,5
988,puki,l031516b,u,i,1
989,piki,l031475b,i,i,1
990,momu,l051505,o,u,1
991,nire,l051622,i,e,1
992,pagi,l031403a,a,i,1
993,suwe,l080023,u,e,1
994,kame,l090085,a,e,1
995,miti,l031695b,i,i,3
996,nada,l051559,a,a,1
997,tunwo,l090395,u,wo,5
998,simi,l004061a,i,i,1
999,suma,l052016,u,a,3
1000,kura,l080137,u,a,1
1001,nagwo,l051570,a,wo,17
1002,puse,l090774,u,e,11
1003,wopu,l080235,wo,u,5
1004,gome,l030742b,o,e,1
1006,tati,l080368,a,i,5
1007,ayu,l090066,a,u,4
1008,tati,l001004,a,i,6
1009,taka,l052499,a,a,7
1010,woti,l031948b,wo,i,2
1011,pimi,l051762,i,i,1
1012,takwo,l090319,a,wo,4
1013,damwi,l050948,a,wi,1
1014,sipi,l030894b,i,i,1
1015,myepi,l051556,ye,i,2
1016,susu,l052035,u,u,2
1017,taru,l052106,a,u,4
1018,ipi,l030199b,i,i,2
1019,tugi,l031139b,u,i,9
1020,sige,l004111,i,e,5
1022,towo,l052168,o,wo,1
1023,teri,l031193b,e,i,3
1025,kiki,l030565b,i,i,4
1027,neta,l007126,e,a,1
1028,awo,l092059,a,wo,1
1029,yomo,l052411,o,o,8
1030,udi,l090067,u,i,5
1031,saki,l052506,a,i,4
1032,kaku,l052500,a,u,2
1033,pikwo,l080297,i,wo,1
1035,wemi,l031934b,e,i,2
1036,dopi,l031226b,o,i,2
1038,ono,l080002,o,o,2
1039,tata,l090321b,a,a,1
1040,poyo,l051819,o,o,1
1041,buki,l031518a,u,i,2
1042,tome,l090454,o,e,2
1043,sime,l030905a,i,e,7
1045,titi,l090372,i,i,2
1046,piro,l051780,i,o,1
1047,kape,l050157,a,e,1
1048,wope,l031954b,wo,e,1
1049,pata,l090328,a,a,1
1050,waza,l052329,a,a,6
1051,pusi,l090769,u,i,1
1052,tura,l090407,u,a,2
1053,maga,l051395,a,a,1
1054,pana,l080426,a,a,1
1055,nari,l031316b,a,i,1
1056,mosi,l051517,o,i,1
1057,soki,l030962b,o,i,4
1058,takye,l007023a,a,ye,2
1059,nakwo,l090475,a,wo,1
1060,yosi,l031871b,o,i,1
1061,paka,l051700,a,a,1
1062,kawor,l030553a,a,wo,1
1063,mikwo,l051453,i,wo,1
1064,sima,l090238,i,a,3
1065,ori,l030412a,o,i,2
1066,pata,l090620,a,a,1
1067,niki,l080268,i,i,4
1068,pupa,l051830,u,a,3
1069,kuda,l051325,u,a,1
1070,ata,l050868,a,a,4
1071,soti,l042044,o,i,1
1072,sitap,l030870a,i,a,1
1074,naka,l060116,a,a,2
1075,koro,l042092,o,o,1
1076,sami,l051876,a,i,1
1077,yuri,l000540c,u,i,2
1079,nipe,l031333b,i,e,1
1080,takye,l007023b,a,ye,1
1081,negwi,l031359a,e,wi,3
1082,keri,l080244,e,i,1
1083,ome,l051664,o,e,1
1084,ipi,l050006d,i,i,1
1085,saku,l090495,a,u,1
1086,mame,l051404,a,e,1
1087,mike,l050751,i,e,1
1088,naru,l031318a,a,u,1
1089,mote,l031762b,o,e,1
1090,kuzi,l051369,u,i,1
1091,nami,l031307a,a,i,1
1092,ipa,l050006c,i,a,6
1093,ata,l080161,a,a,1
1094,tiba,l090168,i,a,1
1096,kugi,l051328,u,i,1
1097,mita,l051483,i,a,1
1098,opi,l030372b,o,i,1
1099,kagwo,l052552,a,wo,1
1100,maki,l080255a,a,i,1
1101,seri,l051915,e,i,3
1102,tawi,l052120,a,wi,2
1103,kipa,l051270,i,a,1
1104,pazi,l090608,a,i,1
1105,magi,l031625a,a,i,1
1106,umi,l030292b,u,i,1
1107,muna,l007234,u,a,1
1108,opo,l060279,o,o,2
1109,sipwi,l090228,i,wi,2
1110,sipwi,l030895b,i,wi,2
1111,agwo,l080041,a,wo,1
1112,setwo,l090264,e,wo,1
1113,kakwo,l060049,a,wo,2
1114,mitwo,l051489,i,wo,3
1115,ase,l030038a,a,e,2
1116,masi,l030206b,a,i,1
1117,mipo,l051476,i,o,6
1118,yaya,l004048,a,a,2
1119,kapwi,l090082,a,wi,5
1120,iyo,l051152,i,o,2
1121,ime,l060208,i,e,1
1122,saru,l051892,a,u,2
1123,musi,l090499,u,i,5
1124,tuwo,l052222,u,wo,1
1125,situ,l090218,i,u,1
1126,sanu,l051881,a,u,1
1127,ou,l051691,o,u,2
1128,kasa,l060051,a,a,1
1129,kaza,l050008b,a,a,2
1130,kisum,l030576a,i,u,1
1131,mutu,l004158,u,u,1
1132,waru,l031918a,a,u,1
1134,mama,l090708,a,a,3
1135,tomo,l090260,o,o,4
1136,saka,l030781a,a,a,1
1137,kosi,l090137,o,i,1
1138,swoma,l052046,wo,a,2
1139,bape,l050905,a,e,2
1140,tape,l031069a,a,e,1
1141,mika,l051444,i,a,5
1142,supa,l052031,u,a,1
1143,kane,l090077,a,e,1
1144,wabwi,l031915b,a,wi,1
1145,sade,l090166,a,e,1
1146,kuye,l030660a,u,ye,1
1147,sita,l090213,i,a,1
1148,neri,l080232,e,i,2
1149,puki,l031517b,u,i,1
1150,yane,l052390,a,e,1
1151,uke,l030241a,u,e,1
1152,uri,l030312,u,i,1
1153,nasa,l031281a,a,a,1
1154,siwa,l051979,i,a,1
1155,tatu,l052115,a,u,2
1156,kwopu,l090131,wo,u,1
1157,kusi,l090107,u,i,2
1158,mone,l051506,o,e,1
1159,kasu,l051240,a,u,1
1160,ari,l030125b,a,i,1
1161,mage,l031626b,a,e,1
1162,wara,l052313,a,a,1
1163,kumo,l052509,u,o,2
1164,mede,l031752b,e,e,2
1165,tika,l052131,i,a,1
1166,kizu,l051282,i,u,1
1167,omo,l007240b,o,o,1
1168,upa,l050029b,u,a,1
1169,twomi,l080125,wo,i,1
1170,moro,l007225,o,o,1
1171,puse,l090772,u,e,1
1172,twosa,l052163,wo,a,2
1173,side,l090441,i,e,1
1175,tado,l080285,a,o,1
1176,taki,l031000b,a,i,1
1177,aki,l052512,a,i,1
1178,kase,l051233,a,e,4
1179,nwopye,l051651,wo,ye,2
1180,simwi,l000058,i,wi,1
1181,zame,l030834b,a,e,1
1182,tomi,l052154,o,i,1
1183,tuda,l052179,u,a,1
1184,tobu,l090458,o,u,1
1185,udu,l090236,u,u,1
1186,kadwo,l090074,a,wo,1
1187,nuki,l090348,u,i,2
1188,tita,l052138,i,a,1
1189,miwo,l052579,i,wo,2
1190,makwi,l050276,a,wi,2
1191,aku,l050802,a,u,1
1192,ate,l090445,a,e,1
1193,kane,l090076,a,e,1
1194,woka,l060268,wo,a,1
1196,sidu,l080283,i,u,2
1197,ato,l050874,a,o,2
1198,zome,l030981b,o,e,2
1199,mori,l080213,o,i,1
1200,paga,l031404a,a,a,1
1202,kana,l090075,a,a,1
1203,yuge,l052433,u,e,1
1204,kiku,l090466,i,u,1
1205,aba,l050767,a,a,1
1206,saki,l030780b,a,i,1
1207,pata,l090327,a,a,1
1208,suma,l004120a,u,a,2
1209,kwoye,l030748a,wo,ye,1
1210,ine,l030185a,i,e,1
1211,kura,l007093,u,a,1
1212,wosi,l031946b,wo,i,1
1213,nakwi,l051576,a,wi,1
1214,tamu,l052087,a,u,1
1215,mipye,l090439,i,ye,1
1216,turi,l031187b,u,i,2
1217,tape,l052529,a,e,1
1218,iki,l030145b,i,i,2
1219,tume,l090403,u,e,2
1220,ase,l080053,a,e,1
1221,tuka,l090197,u,a,4
1222,nasi,l031279b,a,i,1
1223,pasi,l080028,a,i,1
1224,yomwi,l052413,o,wi,2
1225,neri,l031368a,e,i,1
1226,kami,l030524a,a,i,1
1227,paki,l031399b,a,i,1
1228,duki,l031135a,u,i,1
1229,kure,l080032,u,e,1
1230,sapi,l051888,a,i,1
1231,kyetu,l051390,ye,u,1
1232,osi,l080386,o,i,1
1233,kome,l090190,o,e,2
1234,yabu,l080037,a,u,1
1235,mure,l031741b,u,e,1
1236,tawa,l007189,a,a,1
1237,miwa,l050066,i,a,1
1238,gwosi,l030707b,wo,i,1
1239,sapa,l004032a,a,a,1
1240,maso,l007109,a,o,1
1241,mari,l080136,a,i,1
1242,tuti,l090391,u,i,1
1243,seta,l090283,e,a,2
1244,pupo,l051831,u,o,1
1245,gara,l090089,a,a,1
1246,ukwo,l052243,u,wo,1
1247,usa,l080135,u,a,1
1248,pika,l051753,i,a,1
1249,wina,l052335,wi,a,1
1250,sone,l051991,o,e,1
1251,nawi,l051602,a,wi,2
1252,yake,l031794b,a,e,1
1253,mopi,l051510,o,i,1
1254,kena,l051256,e,a,1
1255,mima,l051454,i,a,1
1256,ika,l080241,i,a,1
